RecNum,FrameNum,GrTr 2-Way Gaze,Pred 2-Way Gaze
4,1,0,0
4,2,0,0
4,3,0,0
4,4,0,0
4,5,0,0
4,6,0,0
4,7,0,0
4,8,0,0
4,9,0,0
4,10,0,0
4,11,0,0
4,12,0,3
4,13,0,0
4,14,0,0
4,15,0,0
4,16,0,0
4,17,0,3
4,18,0,0
4,19,0,0
4,20,0,0
4,21,0,0
4,22,0,0
4,23,0,0
4,24,0,0
4,25,0,0
4,26,0,0
4,27,0,0
4,28,0,0
4,29,0,0
4,30,0,0
4,31,0,0
4,32,0,0
4,33,0,0
4,34,0,0
4,35,0,0
4,36,0,0
4,37,0,0
4,38,0,0
4,39,0,0
4,40,0,0
4,41,0,0
4,42,0,0
4,43,0,0
4,44,0,0
4,45,0,0
4,46,0,0
4,47,0,0
4,48,0,0
4,49,0,0
4,50,0,0
4,51,0,0
4,52,0,0
4,53,0,0
4,54,0,0
4,55,0,0
4,56,0,0
4,57,0,0
4,58,0,1
4,59,0,1
4,60,0,1
4,61,1,1
4,62,1,1
4,63,1,1
4,64,1,1
4,65,1,1
4,66,1,1
4,67,1,1
4,68,1,1
4,69,1,1
4,70,1,1
4,71,1,1
4,72,1,1
4,73,1,1
4,74,1,1
4,75,1,1
4,76,1,1
4,77,1,1
4,78,1,1
4,79,1,1
4,80,1,1
4,81,1,1
4,82,1,1
4,83,1,1
4,84,1,1
4,85,1,1
4,86,1,1
4,87,1,1
4,88,1,1
4,89,1,1
4,90,1,1
4,91,1,1
4,92,1,1
4,93,1,1
4,94,1,1
4,95,1,1
4,96,1,1
4,97,1,1
4,98,1,1
4,99,1,1
4,100,1,1
4,101,1,1
4,102,1,1
4,103,1,1
4,104,1,1
4,105,1,1
4,106,1,1
4,107,1,1
4,108,1,1
4,109,1,1
4,110,1,1
4,111,1,1
4,112,1,1
4,113,1,1
4,114,1,1
4,115,1,1
4,116,1,1
4,117,1,1
4,118,1,1
4,119,1,1
4,120,1,1
4,121,1,1
4,122,1,1
4,123,1,1
4,124,1,1
4,125,1,1
4,126,1,1
4,127,1,1
4,128,1,1
4,129,1,1
4,130,1,1
4,131,1,1
4,132,1,1
4,133,1,1
4,134,1,1
4,135,1,1
4,136,1,1
4,137,1,1
4,138,1,1
4,139,1,1
4,140,1,1
4,141,1,1
4,142,1,1
4,143,1,1
4,144,1,1
4,145,1,1
4,146,1,1
4,147,1,1
4,148,1,1
4,149,1,1
4,150,1,1
4,151,1,1
4,152,1,1
4,153,1,1
4,154,1,1
4,155,1,1
4,156,1,1
4,157,1,1
4,158,1,1
4,159,1,1
4,160,1,1
4,161,1,1
4,162,1,1
4,163,1,1
4,164,1,1
4,165,1,1
4,166,1,1
4,167,1,0
4,168,1,0
4,169,0,0
4,170,0,0
4,171,0,0
4,172,0,0
4,173,0,0
4,174,0,0
4,175,0,0
4,176,0,0
4,177,0,0
4,178,0,0
4,179,0,0
4,180,0,0
4,181,0,0
4,182,0,0
4,183,0,0
4,184,0,0
4,185,0,0
4,186,0,0
4,187,0,0
4,188,0,0
4,189,0,0
4,190,0,0
4,191,0,0
4,192,0,0
4,193,0,0
4,194,0,0
4,195,0,0
4,196,0,0
4,197,0,0
4,198,0,0
4,199,0,0
4,200,0,0
4,201,0,0
4,202,0,0
4,203,0,0
4,204,0,0
4,205,0,0
4,206,0,0
4,207,0,0
4,208,0,0
4,209,0,0
4,210,0,0
4,211,0,0
4,212,0,0
4,213,0,0
4,214,0,0
4,215,0,0
4,216,0,0
4,217,0,0
4,218,0,0
4,219,0,0
4,220,0,0
4,221,0,0
4,222,0,0
4,223,0,0
4,224,0,0
4,225,0,0
4,226,0,0
4,227,0,0
4,228,0,0
4,229,0,0
4,230,0,0
4,231,0,0
4,232,0,0
4,233,0,0
4,234,0,0
4,235,0,0
4,236,0,0
4,237,0,0
4,238,0,0
4,239,0,0
4,240,0,0
4,241,0,0
4,242,0,0
4,243,0,0
4,244,0,0
4,245,0,0
4,246,0,0
4,247,0,0
4,248,0,0
4,249,0,0
4,250,0,0
4,251,0,0
4,252,0,0
4,253,0,0
4,254,0,0
4,255,0,0
4,256,0,0
4,257,0,0
4,258,0,0
4,259,0,0
4,260,0,0
4,261,0,0
4,262,0,0
4,263,0,0
4,264,0,0
4,265,0,0
4,266,0,3
4,267,0,3
4,268,0,0
4,269,0,0
4,270,0,0
4,271,0,0
4,272,0,0
4,273,0,0
4,274,0,0
4,275,0,0
4,276,0,0
4,277,0,0
4,278,0,0
4,279,0,0
4,280,0,0
4,281,0,0
4,282,0,0
4,283,0,0
4,284,0,0
4,285,0,0
4,286,0,0
4,287,0,0
4,288,0,0
4,289,0,0
4,290,0,0
4,291,0,0
4,292,0,0
4,293,0,0
4,294,0,0
4,295,0,0
4,296,0,0
4,297,0,0
4,298,0,0
4,299,0,0
4,300,0,0
4,301,0,0
4,302,0,0
4,303,0,0
4,304,0,0
4,305,0,0
4,306,0,0
4,307,0,0
4,308,0,0
4,309,0,0
4,310,0,0
4,311,0,0
4,312,0,0
4,313,0,0
4,314,0,0
4,315,0,0
4,316,0,0
4,317,1,1
4,318,1,1
4,319,1,1
4,320,1,1
4,321,1,1
4,322,1,1
4,323,1,1
4,324,1,1
4,325,1,1
4,326,1,1
4,327,1,1
4,328,1,1
4,329,1,1
4,330,1,1
4,331,1,1
4,332,1,1
4,333,1,1
4,334,1,1
4,335,1,1
4,336,1,1
4,337,1,1
4,338,1,1
4,339,1,1
4,340,1,1
4,341,1,3
4,342,1,3
4,343,1,3
4,344,1,1
4,345,1,1
4,346,1,1
4,347,1,1
4,348,1,1
4,349,1,1
4,350,1,1
4,351,1,1
4,352,1,1
4,353,1,1
4,354,1,1
4,355,1,1
4,356,1,1
4,357,1,1
4,358,1,1
4,359,1,1
4,360,1,1
4,361,1,1
4,362,1,1
4,363,1,1
4,364,1,1
4,365,1,1
4,366,1,1
4,367,1,1
4,368,1,1
4,369,1,1
4,370,1,1
4,371,1,1
4,372,1,1
4,373,1,1
4,374,1,1
4,375,1,1
4,376,1,1
4,377,1,1
4,378,1,1
4,379,1,1
4,380,1,1
4,381,1,1
4,382,1,1
4,383,1,1
4,384,1,1
4,385,1,1
4,386,1,1
4,387,1,1
4,388,1,1
4,389,1,1
4,390,1,1
4,391,1,1
4,392,1,1
4,393,1,1
4,394,1,1
4,395,1,1
4,396,1,1
4,397,1,1
4,398,1,1
4,399,1,1
4,400,1,1
4,401,1,1
4,402,1,1
4,403,1,1
4,404,1,1
4,405,1,1
4,406,1,1
4,407,1,1
4,408,1,1
4,409,1,1
4,410,1,1
4,411,1,1
4,412,1,1
4,413,1,1
4,414,1,1
4,415,1,1
4,416,1,1
4,417,1,1
4,418,1,1
4,419,1,1
4,420,1,1
4,421,1,1
4,422,1,1
4,423,1,1
4,424,1,1
4,425,1,1
4,426,1,1
4,427,1,1
4,428,1,3
4,429,1,3
4,430,1,3
4,431,1,3
4,432,1,3
4,433,1,3
4,434,1,1
4,435,1,1
4,436,1,1
4,437,1,1
4,438,1,1
4,439,1,1
4,440,1,1
4,441,1,1
4,442,1,1
4,443,1,1
4,444,1,1
4,445,1,1
4,446,1,1
4,447,1,1
4,448,1,1
4,449,1,1
4,450,0,1
4,451,0,0
4,452,0,0
4,453,0,0
4,454,0,0
4,455,0,0
4,456,0,0
4,457,0,0
4,458,0,0
4,459,0,0
4,460,0,0
4,461,0,0
4,462,0,0
4,463,0,0
4,464,0,0
4,465,0,0
4,466,0,0
4,467,0,0
4,468,0,0
4,469,0,0
4,470,0,0
4,471,0,0
4,472,0,0
4,473,0,0
4,474,0,0
4,475,0,0
4,476,0,0
4,477,0,0
4,478,0,0
4,479,0,0
4,480,0,0
4,481,0,0
4,482,0,0
4,483,0,0
4,484,0,0
4,485,0,0
4,486,0,0
4,487,0,0
4,488,0,0
4,489,0,0
4,490,0,0
4,491,0,0
4,492,0,0
4,493,0,0
4,494,0,0
4,495,0,0
4,496,0,0
4,497,0,0
4,498,0,0
4,499,0,0
4,500,0,0
4,501,0,0
4,502,0,0
4,503,0,0
4,504,0,0
4,505,0,0
4,506,0,0
4,507,0,0
4,508,0,0
4,509,0,0
4,510,0,0
4,511,0,0
4,512,0,0
4,513,0,0
4,514,0,0
4,515,0,0
4,516,0,0
4,517,0,0
4,518,0,0
4,519,0,0
4,520,0,0
4,521,0,0
4,522,0,0
4,523,0,0
4,524,0,0
4,525,0,0
4,526,0,0
4,527,0,0
4,528,0,0
4,529,0,0
4,530,0,0
4,531,0,0
4,532,0,0
4,533,0,0
4,534,0,0
4,535,0,0
4,536,0,0
4,537,0,0
4,538,0,0
4,539,0,0
4,540,0,0
4,541,0,0
4,542,0,0
4,543,0,0
4,544,0,0
4,545,0,0
4,546,0,0
4,547,0,0
4,548,0,0
4,549,0,0
4,550,0,0
4,551,0,0
4,552,0,0
4,553,0,0
4,554,0,0
4,555,0,0
4,556,0,0
4,557,0,0
4,558,0,0
4,559,0,0
4,560,0,0
4,561,0,0
4,562,0,0
4,563,0,0
4,564,0,0
4,565,0,3
4,566,0,3
4,567,0,3
4,568,0,0
4,569,0,0
4,570,0,0
4,571,0,0
4,572,0,0
4,573,0,0
4,574,0,0
4,575,0,0
4,576,0,0
4,577,0,0
4,578,0,0
4,579,0,0
4,580,0,0
4,581,0,0
4,582,0,0
4,583,0,0
4,584,0,0
4,585,0,0
4,586,0,0
4,587,0,0
4,588,0,0
4,589,0,0
4,590,0,0
4,591,0,0
4,592,0,0
4,593,0,0
4,594,0,0
4,595,0,0
4,596,0,0
4,597,0,0
4,598,0,0
4,599,0,0
4,600,0,0
4,601,0,0
4,602,0,0
4,603,0,0
4,604,0,0
4,605,0,0
4,606,0,0
4,607,0,0
4,608,0,0
4,609,0,0
4,610,0,0
4,611,0,0
4,612,0,0
4,613,0,0
4,614,0,0
4,615,0,0
4,616,0,0
4,617,0,0
4,618,0,0
4,619,0,0
4,620,0,0
4,621,1,0
4,622,1,0
4,623,1,0
4,624,1,0
4,625,1,0
4,626,1,1
4,627,1,1
4,628,1,1
4,629,1,1
4,630,1,1
4,631,1,1
4,632,1,1
4,633,1,1
4,634,1,1
4,635,1,1
4,636,1,1
4,637,1,1
4,638,1,1
4,639,1,1
4,640,1,1
4,641,1,1
4,642,1,1
4,643,1,1
4,644,1,1
4,645,1,1
4,646,1,1
4,647,1,1
4,648,1,1
4,649,1,1
4,650,1,1
4,651,1,1
4,652,1,1
4,653,1,1
4,654,1,1
4,655,1,1
4,656,1,1
4,657,1,1
4,658,1,1
4,659,1,1
4,660,1,3
4,661,1,3
4,662,1,1
4,663,1,3
4,664,1,3
4,665,1,3
4,666,1,3
4,667,1,3
4,668,1,1
4,669,1,3
4,670,1,1
4,671,1,1
4,672,1,1
4,673,1,1
4,674,1,1
4,675,1,1
4,676,1,3
4,677,1,3
4,678,1,1
4,679,1,3
4,680,1,3
4,681,1,1
4,682,1,1
4,683,1,1
4,684,1,1
4,685,1,1
4,686,1,1
4,687,1,1
4,688,1,1
4,689,1,1
4,690,1,1
4,691,1,1
4,692,1,1
4,693,0,1
4,694,0,1
4,695,0,1
4,696,0,1
4,697,0,1
4,698,0,1
4,699,0,1
4,700,0,1
4,701,0,1
4,702,0,1
4,703,0,1
4,704,0,1
4,705,0,1
4,706,0,1
4,707,0,1
4,708,0,1
4,709,0,1
4,710,0,1
4,711,0,1
4,712,1,1
4,713,1,1
4,714,1,1
4,715,1,1
4,716,1,1
4,717,1,1
4,718,1,1
4,719,1,1
4,720,1,1
4,721,1,1
4,722,1,1
4,723,1,1
4,724,1,1
4,725,1,1
4,726,1,1
4,727,1,1
4,728,1,1
4,729,1,1
4,730,1,1
4,731,1,1
4,732,1,1
4,733,1,1
4,734,1,1
4,735,1,1
4,736,1,1
4,737,1,1
4,738,1,1
4,739,1,1
4,740,1,1
4,741,1,1
4,742,1,1
4,743,1,1
4,744,1,1
4,745,1,1
4,746,1,1
4,747,1,1
4,748,1,1
4,749,1,1
4,750,1,1
4,751,1,1
4,752,1,1
4,753,1,1
4,754,1,1
4,755,1,1
4,756,1,1
4,757,1,1
4,758,1,1
4,759,1,3
4,760,1,3
4,761,1,3
4,762,1,1
4,763,1,1
4,764,1,1
4,765,1,1
4,766,1,1
4,767,1,1
4,768,1,1
4,769,1,1
4,770,1,1
4,771,1,1
4,772,1,1
4,773,1,1
4,774,1,1
4,775,1,1
4,776,1,1
4,777,0,1
4,778,0,1
4,779,0,1
4,780,0,1
4,781,0,3
4,782,0,1
4,783,0,0
4,784,0,0
4,785,0,0
4,786,0,0
4,787,0,0
4,788,0,0
4,789,0,0
4,790,0,0
4,791,0,0
4,792,0,0
4,793,0,0
4,794,0,0
4,795,0,0
4,796,0,0
4,797,0,0
4,798,0,0
4,799,0,0
4,800,0,0
4,801,0,0
4,802,0,0
4,803,0,0
4,804,0,0
4,805,0,0
4,806,0,0
4,807,0,0
4,808,0,0
4,809,0,0
4,810,0,0
4,811,0,0
4,812,0,0
4,813,0,3
4,814,0,3
4,815,0,3
4,816,0,3
4,817,0,3
4,818,0,3
4,819,0,3
4,820,0,3
4,821,0,3
4,822,0,3
4,823,0,3
4,824,0,3
4,825,0,3
4,826,0,3
4,827,0,3
4,828,0,3
4,829,0,3
4,830,0,3
4,831,0,0
4,832,0,0
4,833,0,0
4,834,0,0
4,835,0,0
4,836,0,0
4,837,0,0
4,838,0,0
4,839,0,0
4,840,0,0
4,841,0,0
4,842,0,0
4,843,0,0
4,844,0,0
4,845,0,0
4,846,0,0
4,847,0,0
4,848,0,0
4,849,0,0
4,850,0,0
4,851,0,0
4,852,0,0
4,853,0,0
4,854,0,0
4,855,0,0
4,856,0,0
4,857,0,0
4,858,0,0
4,859,0,0
4,860,0,0
4,861,0,0
4,862,0,0
4,863,0,0
4,864,0,0
4,865,0,0
4,866,0,0
4,867,0,0
4,868,0,0
4,869,0,0
4,870,0,0
4,871,0,0
4,872,0,0
4,873,0,0
4,874,0,0
4,875,0,0
4,876,0,0
4,877,0,0
4,878,0,0
4,879,0,0
4,880,0,0
4,881,0,0
4,882,0,0
4,883,0,0
4,884,0,0
4,885,0,0
4,886,0,0
4,887,0,0
4,888,0,0
4,889,0,0
4,890,0,3
4,891,0,3
4,892,0,3
4,893,0,3
4,894,0,3
4,895,0,3
4,896,0,3
4,897,0,3
4,898,0,3
4,899,0,3
4,900,0,3
4,901,0,3
4,902,0,3
4,903,0,0
4,904,0,0
4,905,0,0
4,906,0,0
4,907,0,0
4,908,0,0
4,909,0,0
4,910,0,0
4,911,0,0
4,912,0,0
4,913,0,0
4,914,0,0
4,915,0,0
4,916,0,0
4,917,0,0
4,918,0,0
4,919,0,0
4,920,0,0
4,921,0,0
4,922,0,0
4,923,0,0
4,924,0,0
4,925,0,0
4,926,0,0
4,927,0,0
4,928,0,0
4,929,0,0
4,930,0,0
4,931,1,0
4,932,1,0
4,933,1,0
4,934,1,0
4,935,1,0
4,936,1,1
4,937,1,3
4,938,1,1
4,939,1,1
4,940,1,1
4,941,1,1
4,942,1,1
4,943,1,1
4,944,1,1
4,945,1,1
4,946,1,1
4,947,1,1
4,948,1,1
4,949,1,1
4,950,1,1
4,951,1,1
4,952,1,1
4,953,1,1
4,954,1,1
4,955,1,1
4,956,1,1
4,957,1,1
4,958,1,1
4,959,1,1
4,960,1,1
4,961,1,1
4,962,1,1
4,963,1,1
4,964,1,1
4,965,1,1
4,966,1,1
4,967,1,1
4,968,1,1
4,969,1,3
4,970,1,3
4,971,1,1
4,972,1,1
4,973,1,1
4,974,1,1
4,975,1,1
4,976,1,1
4,977,1,1
4,978,1,1
4,979,1,1
4,980,1,1
4,981,1,1
4,982,1,1
4,983,1,1
4,984,1,1
4,985,1,1
4,986,1,1
4,987,1,1
4,988,1,1
4,989,1,1
4,990,1,1
4,991,1,1
4,992,1,1
4,993,1,1
4,994,1,1
4,995,1,1
4,996,1,1
4,997,1,1
4,998,1,1
4,999,1,1
4,1000,1,1
4,1001,1,1
4,1002,1,1
4,1003,1,1
4,1004,1,1
4,1005,1,1
4,1006,1,1
4,1007,1,1
4,1008,1,1
4,1009,1,1
4,1010,1,1
4,1011,1,1
4,1012,1,1
4,1013,1,1
4,1014,1,1
4,1015,1,1
4,1016,1,1
4,1017,1,1
4,1018,1,1
4,1019,1,1
4,1020,1,1
4,1021,1,1
4,1022,1,1
4,1023,1,1
4,1024,1,3
4,1025,1,1
4,1026,1,1
4,1027,1,3
4,1028,1,3
4,1029,1,1
4,1030,1,1
4,1031,1,1
4,1032,1,1
4,1033,1,3
4,1034,1,3
4,1035,1,3
4,1036,1,3
4,1037,1,3
4,1038,1,3
4,1039,1,3
4,1040,1,1
4,1041,1,3
4,1042,1,3
4,1043,1,3
4,1044,1,3
4,1045,1,3
4,1046,1,3
4,1047,1,3
4,1048,1,3
4,1049,1,3
4,1050,1,3
4,1051,1,3
4,1052,1,3
4,1053,1,3
4,1054,1,3
4,1055,1,1
4,1056,1,3
4,1057,1,3
4,1058,1,3
4,1059,1,3
4,1060,1,3
4,1061,1,1
4,1062,1,1
4,1063,1,1
4,1064,1,1
4,1065,1,1
4,1066,1,1
4,1067,1,1
4,1068,1,1
4,1069,1,1
4,1070,1,1
4,1071,1,1
4,1072,1,1
4,1073,1,1
4,1074,1,1
4,1075,1,3
4,1076,1,3
4,1077,1,3
4,1078,1,1
4,1079,1,3
4,1080,1,3
4,1081,1,3
4,1082,1,3
4,1083,1,3
4,1084,1,1
4,1085,1,3
4,1086,0,3
4,1087,0,1
4,1088,0,1
4,1089,0,1
4,1090,0,1
4,1091,0,1
4,1092,0,1
4,1093,0,1
4,1094,0,1
4,1095,0,1
4,1096,0,0
4,1097,0,0
4,1098,0,0
4,1099,0,0
4,1100,0,0
4,1101,0,0
4,1102,0,0
4,1103,0,0
4,1104,0,0
4,1105,0,0
4,1106,0,0
4,1107,0,0
4,1108,0,0
4,1109,0,0
4,1110,0,0
4,1111,0,0
4,1112,0,0
4,1113,0,0
4,1114,0,3
4,1115,0,0
4,1116,0,3
4,1117,0,0
4,1118,0,0
4,1119,0,0
4,1120,0,0
4,1121,0,0
4,1122,0,0
4,1123,0,0
4,1124,0,0
4,1125,0,0
4,1126,0,0
4,1127,0,0
4,1128,0,0
4,1129,0,0
4,1130,0,0
4,1131,0,0
4,1132,0,0
4,1133,0,0
4,1134,0,0
4,1135,0,0
4,1136,0,0
4,1137,0,0
4,1138,0,0
4,1139,0,0
4,1140,0,0
4,1141,0,0
4,1142,0,0
4,1143,0,0
4,1144,0,0
4,1145,0,0
4,1146,0,0
4,1147,0,0
4,1148,0,0
4,1149,0,0
4,1150,0,0
4,1151,0,0
4,1152,0,0
4,1153,0,0
4,1154,0,0
4,1155,0,0
4,1156,0,0
4,1157,0,0
4,1158,0,0
4,1159,0,0
4,1160,0,0
4,1161,0,0
4,1162,0,0
4,1163,0,0
4,1164,0,0
4,1165,0,0
4,1166,0,0
4,1167,0,0
4,1168,0,0
4,1169,0,0
4,1170,0,0
4,1171,0,0
4,1172,0,0
4,1173,0,0
4,1174,0,0
4,1175,0,0
4,1176,0,0
4,1177,0,0
4,1178,0,0
4,1179,0,0
4,1180,0,0
4,1181,0,0
4,1182,0,0
4,1183,0,0
4,1184,0,0
4,1185,0,0
4,1186,0,0
4,1187,0,0
4,1188,0,0
4,1189,0,0
4,1190,0,0
4,1191,0,0
4,1192,0,0
4,1193,0,0
4,1194,0,0
4,1195,0,0
4,1196,0,0
4,1197,0,0
4,1198,0,0
4,1199,0,3
4,1200,0,3
4,1201,0,3
4,1202,0,0
4,1203,0,0
4,1204,0,0
4,1205,0,0
4,1206,0,0
4,1207,0,0
4,1208,0,0
4,1209,0,0
4,1210,0,0
4,1211,0,0
4,1212,0,0
4,1213,0,0
4,1214,0,0
4,1215,0,0
4,1216,0,0
4,1217,0,0
4,1218,0,0
4,1219,0,0
4,1220,0,0
4,1221,0,0
4,1222,0,0
4,1223,0,0
4,1224,0,0
4,1225,0,0
4,1226,0,0
4,1227,0,0
4,1228,0,0
4,1229,0,0
5,1,0,0
5,2,0,0
5,3,0,0
5,4,0,0
5,5,0,0
5,6,0,0
5,7,0,0
5,8,0,0
5,9,0,0
5,10,0,0
5,11,0,0
5,12,0,0
5,13,0,0
5,14,0,0
5,15,0,0
5,16,0,0
5,17,0,0
5,18,0,0
5,19,0,0
5,20,0,0
5,21,0,0
5,22,0,0
5,23,0,0
5,24,0,0
5,25,0,0
5,26,0,0
5,27,0,0
5,28,0,0
5,29,0,0
5,30,0,0
5,31,0,0
5,32,0,0
5,33,0,0
5,34,0,0
5,35,0,0
5,36,0,0
5,37,1,1
5,38,1,1
5,39,1,1
5,40,1,1
5,41,1,1
5,42,1,1
5,43,1,1
5,44,1,1
5,45,1,1
5,46,1,1
5,47,1,1
5,48,1,1
5,49,1,1
5,50,1,0
5,51,1,0
5,52,1,0
5,53,0,0
5,54,0,0
5,55,0,0
5,56,0,0
5,57,0,0
5,58,0,0
5,59,0,0
5,60,0,0
5,61,0,0
5,62,0,0
5,63,0,0
5,64,0,0
5,65,0,0
5,66,0,0
5,67,0,0
5,68,1,1
5,69,1,1
5,70,1,1
5,71,1,1
5,72,1,1
5,73,1,1
5,74,1,1
5,75,1,1
5,76,1,1
5,77,1,1
5,78,1,1
5,79,1,1
5,80,1,1
5,81,1,1
5,82,1,1
5,83,1,1
5,84,1,1
5,85,1,1
5,86,1,1
5,87,1,1
5,88,1,1
5,89,1,1
5,90,1,0
5,91,1,0
5,92,1,0
5,93,1,0
5,94,1,1
5,95,1,1
5,96,1,1
5,97,1,1
5,98,1,1
5,99,1,1
5,100,1,3
5,101,1,3
5,106,1,0
5,107,1,0
5,108,1,0
5,109,1,1
5,110,1,1
5,111,1,1
5,112,0,0
5,113,0,0
5,114,0,0
5,115,0,0
5,116,0,0
5,117,0,0
5,118,0,0
5,119,0,0
5,120,0,0
5,121,0,0
5,122,0,0
5,123,0,0
5,124,0,0
5,125,0,0
5,126,0,0
5,127,0,0
5,128,0,0
5,129,0,0
5,130,0,0
5,131,0,0
5,132,0,0
5,133,0,0
5,134,0,0
5,135,0,0
5,136,0,0
5,137,0,0
5,138,0,0
5,139,1,0
5,140,1,0
5,141,1,0
5,142,1,1
5,143,1,1
5,144,1,1
5,145,1,0
5,146,1,0
5,147,1,0
5,148,1,1
5,149,1,1
5,150,1,1
5,151,1,1
5,152,1,0
5,153,1,0
5,154,1,0
5,155,0,3
5,156,0,3
5,157,0,3
5,158,0,0
5,159,0,0
5,160,0,0
5,161,0,0
5,162,1,0
5,163,1,0
5,164,1,0
5,165,1,0
5,166,1,0
5,167,1,0
5,168,1,0
5,169,1,0
5,170,1,0
5,171,0,0
5,172,0,0
5,173,0,0
5,174,0,0
5,175,0,0
5,176,0,0
5,177,0,0
5,178,0,0
5,179,0,0
5,180,0,0
5,181,0,0
5,182,0,0
5,183,1,0
5,184,1,0
5,185,1,0
5,186,1,0
5,187,1,0
5,188,1,0
5,189,1,0
5,190,1,0
5,191,1,0
5,192,1,0
5,193,1,0
5,194,1,0
5,195,1,0
5,196,1,0
5,197,1,0
5,198,1,0
5,199,1,0
5,200,1,0
5,201,1,0
5,202,1,0
5,203,1,0
5,204,1,0
5,208,0,0
5,209,0,0
5,210,0,0
5,211,0,0
5,212,0,0
5,213,0,0
5,214,0,0
5,215,0,0
5,216,0,0
5,217,0,0
5,218,0,0
5,219,0,0
5,220,0,0
5,221,0,0
5,222,0,0
5,223,0,0
5,224,1,0
5,225,1,0
5,226,1,0
5,227,1,0
5,228,1,0
5,229,1,0
5,230,1,0
5,231,1,0
5,232,1,0
5,233,0,0
5,234,0,0
5,235,0,0
5,236,0,0
5,237,0,0
5,238,0,0
5,239,0,0
5,240,0,0
5,241,0,0
5,242,1,0
5,243,1,0
5,244,1,0
5,245,1,0
5,246,1,0
5,247,1,0
5,248,1,0
5,249,1,0
5,250,1,0
5,251,1,0
5,252,1,0
5,253,1,0
5,254,1,0
5,255,1,0
5,256,1,0
5,257,1,0
5,258,0,0
5,259,0,0
5,260,0,0
5,261,0,0
5,262,0,0
5,263,0,0
5,264,0,0
5,265,0,0
5,266,0,0
5,267,0,0
5,268,0,0
5,269,1,0
5,270,1,0
5,271,1,0
5,272,1,1
5,273,1,1
5,274,1,1
5,275,1,1
5,276,1,1
5,277,1,1
5,278,1,1
5,279,1,1
5,280,1,1
5,281,1,1
5,282,1,1
5,283,1,1
5,284,1,1
5,285,1,1
5,292,1,0
5,293,1,0
5,294,1,0
5,295,1,1
5,296,1,1
5,297,1,1
5,298,1,0
5,299,1,0
5,300,1,0
5,301,1,0
5,302,1,0
5,303,1,0
5,304,1,1
5,305,1,1
5,306,1,1
5,307,1,1
5,308,1,1
5,309,1,1
5,310,1,1
5,318,0,0
5,319,0,0
5,320,0,0
5,321,0,0
5,322,0,0
5,323,0,0
5,327,1,1
5,328,1,1
5,329,1,1
5,330,1,1
5,331,1,1
5,332,1,1
5,333,1,1
5,334,1,1
5,335,1,1
5,336,1,1
5,337,1,1
5,338,1,0
5,339,1,0
5,340,1,0
5,341,1,1
5,342,1,1
5,343,1,1
5,344,1,0
5,345,1,0
5,346,1,0
5,347,1,1
5,348,1,1
5,349,1,1
5,350,1,1
5,351,1,1
5,352,1,1
5,353,1,1
5,354,1,1
5,355,1,1
5,356,1,1
5,357,1,1
5,358,1,1
5,359,1,1
5,360,1,1
5,361,1,1
5,362,1,1
5,363,1,1
5,364,1,0
5,365,0,0
5,366,0,0
5,367,0,0
5,368,0,0
5,369,0,0
5,370,0,0
5,371,0,0
5,372,0,0
5,373,0,0
5,374,0,0
5,375,0,0
5,376,0,0
5,377,0,0
5,378,0,0
5,379,0,0
5,380,0,0
5,381,0,0
5,382,0,0
5,383,0,0
5,384,0,0
5,385,0,0
5,386,0,0
5,387,0,0
5,388,0,0
5,389,0,0
5,390,0,0
5,391,1,0
5,392,1,0
5,393,1,0
5,394,1,0
5,395,1,0
5,396,1,0
5,397,1,0
5,398,1,0
5,399,1,0
5,400,1,0
5,401,1,0
5,402,1,0
5,403,1,0
5,404,0,0
5,405,0,0
5,406,0,0
5,407,0,0
5,408,0,0
5,409,0,0
5,410,0,0
5,411,0,1
5,412,0,1
5,413,1,1
5,414,1,0
5,415,1,0
5,416,1,0
5,417,1,1
5,418,1,1
5,419,1,1
5,420,1,0
5,421,1,0
5,422,1,0
5,423,1,0
5,424,1,0
5,425,1,0
5,426,1,0
5,427,1,0
5,428,1,0
5,429,1,0
5,430,0,0
5,431,0,0
5,432,0,0
5,433,0,0
5,434,0,0
5,435,0,0
5,436,1,0
5,437,1,0
5,438,1,0
5,439,1,1
5,440,1,1
5,441,1,1
5,442,1,1
5,443,1,1
5,444,1,1
5,445,1,1
5,446,1,0
5,447,1,0
5,448,1,0
5,449,1,0
5,450,1,1
5,451,1,1
5,452,1,1
5,453,1,1
5,454,1,0
5,455,1,0
5,456,1,0
5,457,1,0
5,458,1,0
5,459,1,0
5,460,1,0
5,461,1,0
5,462,1,0
5,463,1,0
5,464,1,0
5,465,1,1
5,466,1,1
5,467,1,1
5,468,1,1
5,469,1,1
5,470,1,1
5,471,1,1
5,472,1,0
5,473,1,0
5,474,1,0
5,481,0,0
5,482,0,0
5,483,0,0
5,484,0,0
5,485,0,0
5,486,0,0
5,487,0,0
5,488,0,0
5,489,1,1
5,490,1,1
5,491,1,1
5,492,1,1
5,493,1,1
5,494,1,1
5,544,1,0
5,545,1,0
5,546,1,0
5,547,1,1
5,548,1,1
5,549,1,1
5,550,1,1
5,551,1,1
5,552,1,1
5,553,1,1
5,554,1,0
5,555,1,0
5,556,1,0
5,557,1,0
5,558,1,0
5,559,1,1
5,560,1,1
5,561,1,1
5,562,1,1
5,576,0,0
5,577,0,0
5,578,0,0
5,579,0,0
5,580,0,0
5,581,0,0
5,582,0,1
5,583,0,1
5,584,0,1
5,585,0,1
5,586,1,3
5,587,1,3
5,588,1,3
5,589,1,3
5,621,1,0
5,622,1,0
5,623,1,0
5,624,1,0
5,625,1,0
5,626,1,0
5,627,1,0
5,628,1,0
5,629,1,0
5,630,1,0
5,631,1,1
5,632,1,1
5,633,1,1
5,634,1,0
5,635,1,0
5,636,1,0
5,637,1,0
5,638,1,0
5,639,1,0
5,646,1,1
5,647,1,3
5,648,1,3
5,649,1,3
5,650,1,3
5,651,1,3
5,652,1,3
5,653,1,3
5,654,1,3
5,655,1,3
5,656,1,3
5,657,1,3
5,660,0,0
5,661,0,0
5,662,0,0
5,663,0,0
5,664,0,0
5,665,0,0
5,666,0,0
5,667,0,1
5,668,0,1
5,669,0,1
5,670,0,1
5,671,0,1
5,672,0,1
5,673,0,0
5,674,0,0
5,675,0,0
5,676,0,0
5,677,0,0
5,678,0,0
5,679,0,0
5,680,0,1
5,681,0,1
5,682,0,1
5,683,0,0
5,684,0,0
5,685,0,0
5,686,0,0
5,687,0,0
5,688,0,0
5,689,0,0
5,690,0,0
5,691,0,0
5,692,0,0
5,693,0,0
5,694,0,0
5,695,0,0
5,696,0,0
5,697,0,0
5,698,0,0
5,699,1,1
5,700,1,1
5,701,1,1
5,702,1,1
5,703,1,1
5,704,1,1
5,705,1,0
5,706,1,0
5,707,1,0
5,708,0,0
5,709,0,0
5,710,0,0
5,711,0,0
5,712,0,0
5,713,0,0
5,714,0,0
5,715,0,0
5,716,0,0
5,717,0,0
5,718,0,0
5,719,0,0
5,720,0,0
5,721,0,0
5,722,0,0
5,723,0,0
5,724,0,0
5,725,0,0
5,726,0,0
5,727,0,0
5,728,0,0
5,729,0,0
5,730,0,0
5,731,0,0
5,732,0,0
5,733,0,0
5,734,0,0
5,735,0,0
5,736,0,0
5,737,0,0
5,738,0,0
5,739,0,0
5,740,0,0
5,741,0,0
5,742,0,0
5,743,0,0
5,744,0,0
5,745,0,1
5,746,0,1
5,747,0,1
5,748,1,0
5,749,1,0
5,750,1,0
5,751,1,0
5,752,1,0
5,753,1,0
5,754,1,0
5,755,1,0
5,756,1,0
5,757,0,1
5,758,0,1
5,759,0,1
5,760,0,1
5,761,0,0
5,762,0,0
5,763,0,0
5,764,0,0
5,765,0,0
5,766,0,0
5,767,0,1
5,768,0,1
5,769,0,1
5,770,0,0
5,771,0,0
5,772,0,0
5,773,0,1
5,774,0,1
5,775,0,1
5,838,1,1
5,839,1,1
5,840,1,1
5,841,1,1
5,842,1,1
5,843,1,1
5,844,1,1
5,845,1,1
5,846,1,1
5,847,1,1
5,848,1,1
5,849,1,1
5,850,1,1
5,851,1,1
5,852,1,1
5,853,1,1
5,854,1,1
5,855,1,0
5,856,1,0
5,857,1,0
5,858,1,0
5,859,1,0
5,860,1,0
5,861,1,3
5,862,1,3
5,863,1,3
5,864,1,0
5,865,1,0
5,866,1,0
5,867,1,0
5,868,1,0
5,869,1,0
5,870,1,0
5,871,1,1
5,872,1,1
5,873,1,1
5,874,1,1
5,875,1,1
5,876,1,1
5,877,1,1
5,878,1,1
5,879,1,1
5,880,1,1
5,881,1,1
5,882,1,1
5,883,1,1
5,884,1,0
5,885,1,0
5,886,1,0
5,887,1,0
5,1097,0,0
5,1098,0,0
5,1099,0,0
5,1100,0,0
5,1101,0,0
5,1102,0,0
9,1,0,1
9,2,0,1
9,3,0,1
9,4,0,1
9,5,0,1
9,6,0,1
9,7,0,1
9,8,0,1
9,9,0,1
9,10,0,1
9,11,0,1
9,12,0,0
9,13,0,0
9,14,0,0
9,15,0,1
9,16,0,1
9,17,0,1
9,18,0,1
9,19,0,1
9,20,0,1
9,21,0,1
9,22,0,0
9,23,0,0
9,24,0,0
9,25,0,0
9,26,0,0
9,27,0,0
9,28,0,0
9,29,1,1
9,30,1,1
9,31,1,1
9,32,1,1
9,33,1,1
9,34,1,1
9,35,1,1
9,36,1,1
9,37,1,1
9,38,1,1
9,39,1,1
9,40,1,1
9,41,1,1
9,42,1,1
9,43,1,1
9,44,1,1
9,45,1,1
9,46,1,1
9,47,1,1
9,48,1,3
9,49,1,3
9,50,1,3
9,51,1,3
9,52,1,3
9,53,1,3
9,54,1,3
9,55,1,3
9,56,1,3
9,57,1,3
9,58,1,3
9,59,1,3
9,60,1,3
9,61,1,3
9,62,1,3
9,63,1,3
9,64,1,3
9,65,1,1
9,66,1,1
9,67,1,1
9,68,1,3
9,69,1,3
9,70,1,3
9,71,1,1
9,72,1,1
9,73,1,1
9,74,1,1
9,75,1,1
9,76,1,1
9,77,1,1
9,78,1,1
9,79,1,1
9,80,1,1
9,81,1,1
9,82,1,1
9,83,1,1
9,84,1,1
9,85,1,1
9,86,1,1
9,87,1,1
9,88,1,1
9,89,0,0
9,90,0,0
9,91,0,0
9,92,0,0
9,93,0,0
9,94,0,0
9,95,0,0
9,96,0,0
9,97,0,0
9,98,0,0
9,99,0,0
9,100,0,3
9,101,0,3
9,106,1,1
9,107,1,1
9,108,1,1
9,109,1,1
9,110,1,1
9,111,1,1
9,112,1,1
9,113,1,1
9,114,1,1
9,115,1,1
9,116,1,1
9,117,1,1
9,118,1,1
9,119,1,1
9,120,1,1
9,121,1,1
9,122,1,1
9,123,1,1
9,124,1,1
9,125,1,1
9,126,1,1
9,127,1,1
9,128,1,1
9,129,1,1
9,130,1,1
9,131,1,1
9,132,1,1
9,133,1,1
9,134,0,0
9,135,0,0
9,136,0,0
9,137,0,0
9,138,0,0
9,139,0,0
9,140,0,0
9,141,0,0
9,142,0,0
9,143,0,0
9,144,0,0
9,145,0,0
9,146,0,0
9,147,0,0
9,148,0,0
9,149,0,0
9,150,0,0
9,151,0,0
9,152,0,0
9,153,0,0
9,154,0,0
9,155,0,0
9,156,0,0
9,157,0,0
9,158,0,0
9,159,0,0
9,160,0,0
9,161,0,0
9,162,0,0
9,163,0,0
9,164,0,0
9,165,0,0
9,166,0,0
9,167,0,0
9,168,0,0
9,169,0,0
9,170,0,0
9,171,0,0
9,172,0,0
9,173,0,0
9,174,0,0
9,175,0,0
9,176,0,0
9,177,0,0
9,178,0,0
9,179,0,0
9,180,0,0
9,181,0,0
9,182,1,1
9,183,1,1
9,184,1,1
9,185,1,1
9,186,1,1
9,187,1,1
9,188,1,1
9,189,1,1
9,190,1,1
9,191,1,1
9,192,1,1
9,193,1,1
9,194,1,1
9,195,1,1
9,196,1,1
9,197,1,1
9,198,1,1
9,199,1,1
9,203,0,0
9,204,0,0
9,205,0,0
9,206,0,0
9,207,0,0
9,208,0,0
9,209,0,0
9,210,0,0
9,211,0,0
9,212,0,0
9,221,0,0
9,222,0,0
9,223,0,0
9,224,0,0
9,225,0,0
9,226,0,0
9,227,0,0
9,228,0,0
9,229,0,0
9,230,0,0
9,235,1,3
9,236,1,3
9,237,1,3
9,238,1,3
9,239,1,3
9,240,1,3
9,241,1,3
9,242,1,3
9,243,1,3
9,244,1,3
9,245,1,3
9,246,1,3
9,247,1,3
9,248,1,3
9,249,1,3
9,250,1,3
9,251,1,3
9,252,1,3
9,253,1,3
9,254,1,3
9,255,1,3
9,256,1,3
9,257,1,3
9,258,1,3
9,259,1,3
9,260,1,3
9,261,1,3
9,262,1,3
9,263,1,3
9,264,1,3
9,265,1,3
9,266,1,3
9,267,1,3
9,268,1,3
9,269,1,3
9,270,1,3
9,271,1,3
9,272,1,3
9,273,1,3
9,274,1,3
9,275,1,3
9,276,1,3
9,277,1,3
9,278,1,1
9,279,1,1
9,280,1,3
9,281,1,3
9,282,1,3
9,283,1,3
9,284,1,1
9,285,1,1
9,286,1,1
9,287,1,1
9,288,1,1
9,289,1,1
9,290,1,1
9,291,0,0
9,292,0,0
9,293,0,0
9,294,0,0
9,295,0,0
9,296,0,0
9,297,0,0
9,298,0,0
9,299,0,0
9,300,0,0
9,301,1,1
9,302,1,1
9,303,1,1
9,304,1,1
9,305,1,1
9,306,1,1
9,307,1,1
9,308,1,1
9,309,1,1
9,310,1,1
9,311,1,1
9,312,1,1
9,313,1,1
9,314,1,1
9,315,1,1
9,316,1,1
9,317,1,1
9,318,1,1
9,319,1,1
9,320,1,1
9,321,1,1
9,322,1,1
9,323,1,1
9,324,1,1
9,325,1,1
9,326,1,1
9,327,1,1
9,328,1,1
9,329,1,1
9,330,1,1
9,331,1,1
9,332,1,1
9,333,1,1
9,334,1,1
9,335,1,1
9,336,1,1
9,337,1,1
9,338,1,1
9,339,1,1
9,340,1,1
9,341,1,1
9,342,1,1
9,343,1,1
9,344,1,1
9,345,1,1
9,346,1,1
9,347,1,1
9,348,0,0
9,349,0,0
9,350,0,0
9,351,0,0
9,352,0,0
9,353,0,0
9,354,0,0
9,355,0,0
9,356,0,0
9,357,0,0
9,358,0,0
9,359,0,0
9,360,0,0
9,361,0,0
9,362,0,0
9,363,0,0
9,364,0,0
9,365,0,0
9,366,0,0
9,367,0,0
9,368,0,0
9,369,0,0
9,370,0,0
9,371,0,0
9,372,0,0
9,373,0,0
9,374,0,0
9,375,0,0
9,376,0,0
9,377,0,0
9,378,0,0
9,379,0,0
9,380,0,0
9,381,0,0
9,382,0,0
9,383,0,0
9,384,0,0
9,385,0,0
9,386,0,0
9,387,0,0
9,388,0,0
9,389,0,0
9,390,0,0
9,391,0,0
9,392,0,0
9,393,0,0
9,394,0,0
9,395,0,0
9,396,0,0
9,397,0,0
9,398,0,0
9,399,0,0
9,400,0,0
9,401,0,0
9,402,0,0
9,403,0,0
9,404,0,0
9,408,1,1
9,409,1,1
9,410,1,1
9,411,1,1
9,412,1,1
9,413,1,1
9,414,1,1
9,415,1,1
9,416,1,1
9,417,1,1
9,418,1,1
9,419,1,1
9,420,1,1
9,421,1,1
9,422,1,1
9,423,1,1
9,424,1,1
9,425,1,1
9,426,1,1
9,427,1,1
9,428,1,1
9,429,1,1
9,430,1,1
9,431,1,1
9,432,1,1
9,433,1,1
9,434,1,1
9,435,1,1
9,436,1,1
9,437,1,1
9,438,1,1
9,439,1,1
9,440,1,1
9,441,1,1
9,442,1,1
9,443,1,1
9,444,1,1
9,445,1,1
9,446,1,1
9,447,1,1
9,448,1,1
9,449,1,1
9,450,1,1
9,451,1,1
9,452,1,1
9,453,1,1
9,454,1,1
9,455,1,1
9,456,1,1
9,457,1,1
9,458,1,1
9,459,1,1
9,460,1,1
9,461,1,1
9,462,1,1
9,463,1,1
9,464,1,1
9,465,1,1
9,466,1,1
9,467,1,1
9,468,1,1
9,469,1,1
9,470,1,1
9,471,1,1
9,472,1,1
9,473,1,1
9,474,1,1
9,475,1,1
9,476,1,1
9,477,1,1
9,478,1,1
9,479,1,1
9,480,1,1
9,481,1,1
9,482,1,1
9,483,1,1
9,484,1,1
9,485,1,1
9,486,1,1
9,487,1,1
9,488,1,1
9,489,1,1
9,490,1,1
9,491,1,1
9,492,1,1
9,493,1,1
9,494,1,1
9,495,1,1
9,496,1,1
9,497,1,1
9,498,1,1
9,499,1,1
9,500,1,1
9,501,1,1
9,502,1,1
9,503,1,1
9,504,1,1
9,505,1,1
9,506,1,1
9,507,1,1
9,508,1,1
9,509,1,1
9,510,1,1
9,511,1,1
9,512,1,1
9,513,1,1
9,514,1,1
9,515,1,1
9,516,1,1
9,517,1,1
9,518,1,1
9,519,1,1
9,520,1,1
9,521,1,1
9,522,1,1
9,523,1,1
9,531,1,1
9,532,1,1
9,533,1,1
9,534,1,1
9,535,1,1
9,536,1,1
9,537,1,1
9,538,0,0
9,539,0,0
9,540,0,0
9,541,0,0
9,542,0,0
9,543,0,0
9,544,0,0
9,545,0,0
9,546,0,0
9,547,0,0
9,548,0,0
9,549,0,0
9,550,0,0
9,551,0,0
9,552,0,0
9,553,0,0
9,554,0,0
9,555,0,0
9,556,0,0
9,557,0,0
9,558,0,0
9,559,0,0
9,560,0,0
9,561,0,0
9,562,0,0
9,563,0,0
9,564,0,0
9,565,0,0
9,566,0,0
9,567,0,0
9,568,0,0
9,569,0,0
9,570,0,0
9,571,0,0
9,572,0,0
9,573,0,0
9,574,0,0
9,575,0,0
9,576,0,0
9,577,0,0
9,578,0,0
9,579,0,0
9,580,0,0
9,581,0,0
9,582,0,0
9,583,0,0
9,584,0,0
9,585,0,0
9,586,0,0
9,594,0,0
9,595,0,0
9,596,0,0
9,597,0,0
9,598,0,0
9,599,0,0
9,600,0,0
9,601,0,0
9,602,0,0
9,603,0,0
9,604,0,0
9,605,0,0
9,606,0,0
9,607,0,0
9,608,1,1
9,609,1,1
9,610,1,1
9,611,1,1
9,612,1,1
9,613,1,1
9,614,1,1
9,615,1,1
9,616,1,1
9,617,1,1
9,618,1,1
9,619,1,1
9,620,1,1
9,621,1,1
9,622,1,1
9,623,1,1
9,624,1,1
9,625,1,1
9,626,1,1
9,634,1,0
9,635,1,0
9,636,1,0
9,637,1,0
9,638,1,0
9,639,1,0
9,640,0,0
9,641,0,0
9,642,0,0
9,643,0,0
9,644,0,0
9,645,0,0
9,646,0,0
9,647,0,0
9,648,0,0
9,649,0,0
9,650,0,0
9,651,1,1
9,652,1,1
9,653,1,1
9,654,1,1
9,655,1,1
9,656,1,1
9,657,1,1
9,658,1,1
9,659,1,1
9,660,0,0
9,661,0,0
9,662,0,0
9,663,0,0
9,664,0,0
9,665,0,0
9,666,0,0
9,667,0,0
9,668,0,0
9,669,0,0
9,670,0,0
9,671,0,0
9,672,0,0
9,673,0,0
9,674,0,0
9,675,0,0
9,676,0,0
9,677,0,0
9,678,0,0
9,679,0,0
9,680,0,0
9,681,0,0
9,682,0,0
9,683,0,0
9,684,0,0
9,685,0,0
9,686,0,0
9,687,0,0
9,688,1,1
9,689,1,1
9,690,1,1
9,691,1,1
9,692,1,1
9,693,1,1
9,694,1,1
9,695,1,1
9,696,1,1
9,697,1,1
9,698,1,1
9,699,1,1
9,700,0,0
9,701,0,0
9,702,0,0
9,703,0,0
9,704,0,0
9,705,0,0
9,706,0,0
9,707,0,0
9,708,0,0
9,709,0,0
9,710,0,0
9,711,0,0
9,712,0,0
9,713,0,0
9,714,0,0
9,715,0,0
9,716,0,0
9,717,0,0
9,718,0,0
9,719,0,0
9,720,0,0
9,721,0,0
9,722,0,0
9,723,0,0
9,724,0,0
9,725,0,0
9,726,0,0
9,727,0,0
9,728,0,0
9,729,0,0
9,730,0,0
9,731,0,0
9,732,0,0
9,733,0,0
9,734,0,0
9,735,0,0
9,736,0,0
9,737,0,0
9,738,0,0
9,739,0,0
9,740,0,0
9,741,0,0
9,742,0,0
9,743,0,0
9,744,0,0
9,745,0,0
9,746,1,1
9,747,1,1
9,748,1,1
9,749,1,1
9,750,1,1
9,751,1,1
9,752,1,1
9,753,1,1
9,754,1,1
9,755,1,1
9,756,1,1
9,757,1,1
9,758,1,1
9,759,1,1
9,760,1,1
9,761,1,1
9,762,1,1
9,763,1,1
9,764,1,1
9,765,1,1
9,766,1,1
9,767,1,1
9,768,1,1
9,769,1,1
9,778,0,0
9,779,0,0
9,780,0,0
9,781,0,0
9,782,0,0
9,783,0,0
9,784,0,0
9,785,1,1
9,786,1,1
9,787,1,1
9,788,1,1
9,789,0,0
9,790,0,0
9,791,0,0
9,792,0,0
9,793,0,0
9,794,0,0
9,795,0,0
9,796,0,0
9,797,0,0
9,798,0,0
9,799,0,0
9,800,0,0
9,801,0,0
9,802,0,0
9,803,1,1
9,804,1,1
9,805,1,1
9,806,1,1
9,807,1,1
9,808,1,1
9,809,1,1
9,810,1,1
9,811,1,1
9,812,1,1
9,813,1,1
9,814,1,1
9,815,1,1
9,816,1,1
9,817,1,1
9,818,1,1
9,819,1,1
9,820,1,1
9,821,1,1
9,822,1,1
9,823,1,1
9,824,1,1
9,825,1,1
9,826,1,1
9,827,1,1
9,828,1,1
9,829,1,1
9,830,1,1
9,831,0,0
9,832,0,0
9,833,0,0
9,834,0,0
9,835,0,0
9,836,0,0
9,837,0,0
9,838,0,0
9,839,0,0
9,840,0,0
9,841,1,1
9,842,1,1
9,843,1,1
9,844,1,1
9,845,1,1
9,846,1,1
9,847,1,1
9,848,1,1
9,849,1,1
9,850,1,1
9,851,1,1
9,852,1,1
9,853,1,1
9,854,1,1
9,855,1,1
9,856,1,1
9,857,1,1
9,858,1,1
9,859,1,1
9,860,1,1
9,861,1,1
9,862,1,1
9,863,1,1
9,864,1,1
9,865,1,1
9,866,1,1
9,867,1,1
9,868,1,1
9,869,1,1
9,870,1,1
9,871,1,1
9,872,1,1
9,873,1,1
9,874,1,1
9,875,1,1
9,876,1,1
9,877,1,1
9,878,1,1
9,879,1,1
9,880,1,1
9,881,1,1
9,882,0,0
9,883,0,0
9,884,0,0
9,885,0,0
9,886,0,0
9,887,0,0
9,888,0,0
9,889,0,0
9,890,0,0
9,891,0,0
9,892,0,0
9,893,0,0
9,894,0,0
9,895,0,0
9,896,0,0
9,897,0,0
9,898,0,0
9,899,0,0
9,900,0,0
9,901,0,0
9,902,0,0
9,903,0,0
9,904,0,0
9,905,0,0
9,906,0,0
9,907,0,0
9,908,0,0
9,909,0,0
9,910,0,0
9,911,0,0
9,912,0,0
9,913,0,0
9,914,0,0
9,925,0,0
9,926,0,0
9,927,0,0
9,928,0,0
9,929,0,0
9,930,0,0
9,931,0,0
9,932,0,0
9,933,0,0
9,934,0,0
9,935,0,0
9,936,0,0
9,937,0,0
9,941,1,1
9,942,1,1
9,943,1,1
9,944,1,1
9,945,1,1
9,946,1,1
9,947,1,1
9,948,1,1
9,949,1,1
9,950,1,1
9,951,1,1
9,952,1,1
9,953,1,1
9,954,1,1
9,955,1,1
9,956,0,0
9,957,0,0
9,958,0,0
9,959,0,0
9,960,0,0
9,961,0,0
9,962,0,0
9,963,0,0
9,964,0,0
9,965,0,0
9,966,0,0
9,967,0,0
9,968,0,0
9,969,0,0
9,970,1,1
9,971,1,1
9,972,1,1
9,973,0,0
9,974,0,0
9,975,0,0
9,976,0,0
9,977,0,0
9,978,0,0
9,979,0,0
9,980,0,0
9,981,0,0
9,982,0,0
9,983,0,0
9,984,0,0
9,985,0,0
9,986,0,0
9,987,0,0
9,988,0,0
9,989,0,0
9,990,0,0
9,991,0,0
9,992,0,0
9,993,0,0
9,994,0,0
9,995,0,0
9,996,0,0
9,997,0,0
9,998,0,0
9,999,0,0
9,1000,0,0
9,1001,0,0
9,1002,0,0
9,1003,0,0
9,1004,0,0
9,1005,0,0
9,1006,0,0
9,1007,0,0
9,1008,0,0
9,1009,0,0
9,1010,0,0
9,1011,0,0
9,1012,0,0
9,1013,0,0
9,1014,0,0
9,1015,0,0
9,1016,0,0
9,1017,0,0
9,1018,0,0
9,1019,0,0
9,1020,0,0
9,1021,0,0
9,1022,0,0
9,1023,0,0
9,1024,0,0
9,1025,0,0
9,1026,0,0
9,1027,1,1
9,1028,1,1
9,1029,1,1
9,1030,1,1
9,1031,1,1
9,1032,1,1
9,1033,1,1
9,1034,1,1
9,1035,1,1
9,1036,1,1
9,1037,1,1
9,1038,1,1
9,1039,1,1
9,1040,1,1
9,1041,1,1
9,1042,1,1
9,1043,1,1
9,1044,1,1
9,1045,1,1
9,1046,1,1
9,1047,1,1
9,1048,1,1
9,1049,1,1
9,1050,1,1
9,1054,1,1
9,1055,1,1
9,1056,1,1
9,1057,1,1
9,1058,1,1
9,1059,1,1
9,1060,1,1
9,1061,1,1
9,1062,1,1
9,1063,1,1
9,1064,1,1
9,1065,1,1
9,1066,1,1
9,1067,1,1
9,1068,1,1
9,1069,1,1
9,1070,1,1
9,1071,1,1
9,1072,1,1
9,1073,1,1
9,1074,1,1
9,1075,1,1
9,1076,1,1
9,1077,1,1
9,1078,1,1
9,1079,1,1
9,1080,1,1
9,1081,1,1
9,1082,1,1
9,1083,1,1
9,1084,1,1
9,1085,1,1
9,1086,1,1
9,1087,1,1
9,1088,1,1
9,1089,1,1
9,1090,1,1
9,1091,1,1
9,1092,1,1
9,1093,1,1
9,1094,1,1
9,1095,1,1
9,1096,1,1
9,1097,1,1
9,1098,0,0
9,1099,0,0
9,1100,0,0
9,1101,0,0
9,1102,0,0
9,1103,0,0
9,1104,0,0
9,1105,0,0
9,1106,0,0
9,1107,0,0
9,1108,0,0
9,1109,0,0
9,1110,0,0
9,1111,0,0
9,1119,1,1
9,1120,1,1
9,1121,1,1
9,1122,1,1
9,1123,1,1
9,1124,1,1
9,1125,1,1
9,1126,1,1
9,1127,1,1
9,1128,0,0
9,1129,0,0
9,1130,0,0
9,1131,0,0
9,1132,0,0
9,1133,0,0
9,1134,0,0
9,1135,0,0
9,1136,0,0
9,1137,0,0
9,1138,0,0
9,1139,0,0
9,1140,0,0
9,1141,0,0
9,1142,0,0
9,1143,0,0
9,1144,0,0
9,1145,0,0
9,1146,0,0
9,1147,0,0
9,1148,0,0
9,1149,0,0
9,1150,0,0
9,1151,0,0
9,1152,0,0
9,1153,0,0
9,1154,0,0
9,1155,1,1
9,1156,1,1
9,1157,1,1
9,1158,1,1
9,1159,1,1
9,1160,1,1
9,1161,1,1
9,1162,1,1
9,1163,1,1
9,1164,1,1
9,1175,0,0
9,1176,0,0
9,1177,0,0
9,1178,0,0
9,1179,0,0
9,1180,0,0
9,1181,0,0
9,1182,0,0
9,1183,0,0
9,1184,0,0
9,1185,0,0
9,1186,0,0
9,1187,0,0
9,1188,0,0
9,1189,0,0
9,1190,0,0
9,1191,0,0
9,1192,0,0
9,1193,0,0
9,1194,0,0
9,1195,0,0
9,1196,0,0
9,1197,0,0
9,1198,0,0
9,1199,0,0
9,1200,0,0
9,1201,0,0
9,1202,0,0
9,1203,0,0
9,1204,0,0
9,1205,0,0
9,1206,0,0
9,1207,0,0
9,1208,1,1
9,1209,1,1
9,1210,1,1
9,1211,1,1
9,1212,1,1
9,1213,1,1
9,1214,1,1
9,1215,1,1
9,1216,1,1
9,1217,1,1
9,1218,1,1
9,1219,1,1
9,1220,1,1
9,1221,1,1
9,1222,1,1
9,1223,1,1
9,1224,1,1
9,1225,1,1
9,1226,1,1
10,1,0,0
10,2,0,0
10,3,0,0
10,4,0,0
10,5,0,0
10,6,0,0
10,7,0,0
10,8,0,0
10,9,0,0
10,10,0,0
10,11,0,0
10,12,0,0
10,13,0,0
10,14,0,0
10,15,0,0
10,16,0,0
10,17,0,0
10,18,0,0
10,19,0,0
10,20,0,0
10,21,0,0
10,22,0,0
10,23,0,0
10,24,0,0
10,25,0,0
10,26,0,0
10,27,0,0
10,28,0,0
10,29,0,0
10,30,0,0
10,31,0,0
10,32,0,0
10,33,0,0
10,34,0,0
10,35,1,1
10,36,1,1
10,37,1,1
10,38,1,1
10,39,1,1
10,40,1,1
10,41,1,1
10,42,1,1
10,43,1,1
10,44,1,1
10,45,1,1
10,46,1,1
10,47,1,1
10,48,1,1
10,49,1,1
10,50,1,1
10,51,1,1
10,52,1,1
10,53,1,0
10,54,1,0
10,55,1,0
10,56,1,0
10,57,1,0
10,58,1,0
10,59,1,0
10,60,1,1
10,61,1,1
10,62,1,1
10,63,1,1
10,64,1,1
10,65,1,1
10,66,1,1
10,67,1,0
10,68,1,0
10,69,1,0
10,70,1,0
10,71,1,0
10,72,1,0
10,73,1,0
10,74,1,0
10,75,1,0
10,76,1,0
10,77,1,0
10,78,1,0
10,79,1,0
10,80,1,0
10,81,1,0
10,82,1,0
10,83,1,0
10,84,1,0
10,85,1,0
10,86,1,0
10,87,1,0
10,88,1,0
10,89,1,0
10,90,1,0
10,91,1,0
10,92,1,0
10,93,1,0
10,94,1,0
10,95,1,0
10,96,1,0
10,97,1,0
10,98,1,0
10,99,1,0
10,100,1,0
10,101,1,0
10,102,1,0
10,103,1,0
10,104,1,0
10,105,1,0
10,106,1,0
10,107,1,0
10,108,1,0
10,109,1,0
10,110,1,0
10,111,1,0
10,112,1,0
10,113,1,0
10,114,1,0
10,115,1,0
10,116,1,0
10,117,1,0
10,118,1,0
10,119,1,0
10,120,1,0
10,121,1,0
10,122,1,0
10,123,0,0
10,124,0,0
10,125,0,0
10,126,0,0
10,127,0,0
10,128,0,0
10,129,0,0
10,130,0,0
10,131,0,0
10,132,0,0
10,133,0,0
10,134,0,0
10,135,0,0
10,136,0,0
10,137,0,0
10,138,0,3
10,139,0,3
10,140,0,3
10,141,0,3
10,142,0,3
10,143,0,3
10,144,0,0
10,145,0,0
10,146,0,0
10,147,0,3
10,148,0,3
10,149,0,3
10,150,0,3
10,151,0,0
10,152,0,0
10,153,0,0
10,154,0,0
10,155,0,0
10,156,0,0
10,157,0,0
10,158,0,0
10,159,0,0
10,160,0,0
10,161,0,0
10,162,0,0
10,163,0,0
10,164,0,0
10,165,0,0
10,166,0,0
10,167,0,0
10,168,0,0
10,169,0,0
10,170,0,0
10,171,0,0
10,172,0,0
10,173,0,0
10,174,0,0
10,175,0,0
10,176,0,0
10,177,0,0
10,178,0,0
10,179,0,0
10,180,0,0
10,181,0,0
10,182,0,0
10,183,0,0
10,184,0,0
10,185,0,0
10,186,0,0
10,187,0,0
10,188,0,0
10,189,0,0
10,190,0,0
10,191,0,0
10,192,0,0
10,193,0,0
10,194,0,0
10,195,0,0
10,196,0,0
10,197,0,0
10,198,0,0
10,199,0,0
10,200,0,0
10,201,0,0
10,202,0,0
10,203,0,0
10,204,0,0
10,205,0,0
10,206,0,0
10,207,0,0
10,208,0,0
10,209,0,0
10,210,0,0
10,211,0,0
10,212,0,0
10,213,0,0
10,214,0,0
10,215,0,0
10,216,0,0
10,217,0,0
10,218,0,0
10,219,0,0
10,220,0,0
10,221,0,0
10,222,0,0
10,223,0,0
10,224,0,0
10,225,0,0
10,226,0,0
10,227,0,0
10,228,0,0
10,229,0,0
10,230,0,0
10,231,0,0
10,232,0,0
10,233,0,0
10,234,0,0
10,235,0,0
10,236,0,0
10,237,0,0
10,238,0,0
10,239,0,0
10,240,0,0
10,241,0,0
10,242,0,0
10,243,0,0
10,244,0,0
10,245,0,0
10,246,0,0
10,247,0,0
10,248,0,0
10,249,0,0
10,250,0,0
10,251,0,0
10,252,0,0
10,253,0,0
10,254,0,0
10,255,0,0
10,256,0,0
10,257,0,0
10,258,0,0
10,259,0,0
10,260,0,0
10,261,0,0
10,262,0,0
10,263,0,0
10,264,0,0
10,265,0,0
10,266,0,0
10,267,0,0
10,268,0,0
10,269,0,0
10,270,0,0
10,271,0,0
10,272,1,0
10,273,1,0
10,274,1,0
10,275,1,0
10,276,1,1
10,277,1,1
10,278,1,1
10,279,1,1
10,280,1,1
10,281,1,1
10,282,1,1
10,283,1,0
10,284,1,0
10,285,1,0
10,286,1,0
10,287,1,0
10,288,1,0
10,289,1,0
10,290,1,0
10,291,1,0
10,292,1,0
10,293,1,0
10,294,1,0
10,295,1,0
10,296,1,0
10,297,1,0
10,298,1,0
10,299,1,0
10,300,1,0
10,301,1,0
10,302,1,0
10,303,1,0
10,304,1,0
10,305,1,0
10,306,1,0
10,307,1,0
10,308,1,0
10,309,1,0
10,310,1,0
10,311,1,0
10,312,1,0
10,313,1,0
10,314,1,0
10,315,1,0
10,316,1,0
10,317,1,0
10,318,1,0
10,319,1,0
10,320,1,0
10,321,1,0
10,322,1,0
10,323,1,0
10,324,1,0
10,325,1,0
10,326,1,0
10,327,1,0
10,328,1,0
10,329,1,0
10,330,1,0
10,331,1,0
10,332,1,0
10,333,1,0
10,334,1,0
10,335,1,0
10,336,1,0
10,337,1,0
10,338,1,0
10,339,1,0
10,340,1,0
10,341,1,0
10,342,1,0
10,343,1,0
10,344,1,0
10,345,1,0
10,346,1,0
10,347,1,0
10,348,1,0
10,349,1,0
10,350,1,0
10,351,1,0
10,352,1,0
10,353,1,0
10,354,1,0
10,355,1,0
10,356,1,0
10,357,1,0
10,358,1,0
10,359,1,0
10,360,1,0
10,361,1,0
10,362,1,0
10,363,1,0
10,364,1,0
10,365,1,0
10,366,1,1
10,367,1,1
10,368,1,1
10,369,1,1
10,370,1,1
10,371,1,1
10,372,1,1
10,373,1,1
10,374,1,1
10,375,1,1
10,376,1,1
10,377,1,1
10,378,1,1
10,379,1,1
10,380,1,1
10,381,1,1
10,382,1,1
10,383,1,1
10,384,1,1
10,385,1,1
10,386,1,1
10,387,1,1
10,388,1,1
10,389,1,1
10,390,1,1
10,391,1,1
10,392,1,1
10,393,1,1
10,394,1,1
10,395,1,1
10,396,1,1
10,397,1,1
10,398,1,1
10,399,1,1
10,400,1,1
10,401,1,1
10,402,1,1
10,403,1,1
10,404,1,1
10,405,1,1
10,406,1,1
10,407,1,1
10,408,1,1
10,409,1,1
10,410,1,1
10,411,1,1
10,412,1,1
10,413,1,1
10,414,1,1
10,415,1,1
10,416,1,1
10,417,1,0
10,418,1,0
10,419,1,0
10,420,1,0
10,421,1,1
10,422,1,1
10,423,1,1
10,424,1,1
10,425,1,1
10,426,1,1
10,427,1,1
10,428,0,0
10,429,0,0
10,430,0,0
10,431,0,0
10,432,0,0
10,433,0,0
10,434,0,0
10,435,0,0
10,436,0,0
10,437,0,0
10,438,0,0
10,439,0,0
10,440,0,0
10,441,0,0
10,442,0,0
10,443,0,0
10,444,0,0
10,445,0,0
10,446,0,0
10,447,0,0
10,448,0,0
10,449,0,0
10,450,0,0
10,451,0,0
10,452,0,0
10,453,0,0
10,454,0,0
10,455,0,0
10,456,0,0
10,457,0,0
10,458,0,0
10,459,0,0
10,460,0,0
10,461,0,0
10,462,0,0
10,463,0,0
10,464,0,0
10,465,0,0
10,466,0,0
10,467,0,0
10,468,0,0
10,469,0,0
10,470,0,0
10,471,0,0
10,472,0,0
10,473,0,0
10,474,0,0
10,475,0,0
10,476,0,0
10,477,0,0
10,478,0,0
10,479,0,0
10,480,0,0
10,481,0,0
10,482,0,0
10,483,0,0
10,484,0,0
10,485,0,0
10,486,0,0
10,487,0,0
10,488,0,0
10,489,0,0
10,490,0,0
10,491,0,0
10,492,0,0
10,493,0,0
10,494,0,0
10,495,0,0
10,496,0,0
10,497,0,0
10,498,0,0
10,499,0,0
10,500,0,0
10,501,0,0
10,502,0,0
10,503,0,0
10,504,0,0
10,505,0,0
10,506,0,0
10,507,0,0
10,508,0,0
10,509,0,0
10,510,0,0
10,511,0,0
10,512,0,0
10,513,0,0
10,514,0,0
10,515,0,0
10,516,0,0
10,517,0,0
10,518,0,0
10,519,0,0
10,520,0,0
10,521,0,0
10,522,0,0
10,523,0,0
10,524,0,0
10,525,0,0
10,526,0,0
10,527,0,0
10,528,0,0
10,529,0,0
10,530,0,0
10,531,0,0
10,532,0,0
10,533,0,0
10,534,0,0
10,535,0,0
10,536,0,0
10,537,0,0
10,538,0,0
10,539,0,0
10,540,0,0
10,541,0,0
10,542,0,0
10,543,0,0
10,544,0,0
10,545,0,0
10,546,0,0
10,547,0,0
10,548,0,0
10,549,0,0
10,550,0,0
10,551,0,0
10,552,0,0
10,553,1,1
10,554,1,1
10,555,1,1
10,556,1,1
10,557,1,1
10,558,1,1
10,559,1,1
10,560,0,0
10,561,0,0
10,562,0,0
10,563,0,0
10,564,0,0
10,565,0,0
10,566,0,0
10,567,0,0
10,568,0,0
10,569,0,0
10,570,0,0
10,571,0,0
10,572,0,0
10,573,0,0
10,574,0,0
10,575,0,0
10,576,0,0
10,577,0,0
10,578,0,0
10,579,0,0
10,580,0,0
10,581,0,0
10,582,0,0
10,583,0,0
10,584,0,0
10,585,0,0
10,586,1,1
10,587,1,1
10,588,1,1
10,589,1,1
10,590,1,1
10,591,1,1
10,592,1,1
10,593,1,1
10,594,1,1
10,595,1,1
10,596,1,1
10,597,1,1
10,598,1,1
10,599,1,1
10,600,1,1
10,601,1,1
10,602,1,1
10,603,1,1
10,604,1,1
10,605,1,1
10,606,1,1
10,607,1,1
10,608,1,0
10,609,1,0
10,610,1,0
10,611,1,0
10,612,1,0
10,613,1,0
10,614,1,0
10,615,1,0
10,616,1,0
10,617,1,0
10,618,1,0
10,619,1,0
10,620,1,0
10,621,1,0
10,622,1,0
10,623,1,0
10,624,1,0
10,625,1,0
10,626,1,0
10,627,1,0
10,628,1,0
10,629,1,0
10,630,1,0
10,631,1,0
10,632,1,0
10,633,1,0
10,634,1,0
10,635,1,1
10,636,1,1
10,637,1,1
10,638,1,1
10,639,1,1
10,640,1,1
10,641,1,1
10,642,1,0
10,643,1,0
10,644,1,0
10,645,1,0
10,646,1,0
10,647,1,0
10,648,1,0
10,649,1,0
10,650,1,1
10,651,1,1
10,652,1,1
10,653,1,1
10,654,1,1
10,655,1,1
10,656,1,1
10,657,1,1
10,658,1,1
10,659,1,1
10,660,1,1
10,661,1,1
10,662,1,1
10,663,1,1
10,664,1,1
10,665,1,1
10,666,1,1
10,667,1,1
10,668,1,1
10,669,1,1
10,670,1,1
10,671,1,1
10,672,1,1
10,673,1,1
10,674,1,1
10,675,1,1
10,676,1,1
10,677,1,1
10,678,1,1
10,679,1,1
10,680,1,1
10,681,1,1
10,682,1,1
10,683,1,1
10,684,1,1
10,685,1,1
10,686,1,1
10,687,1,1
10,688,1,1
10,689,1,1
10,690,1,1
10,691,1,1
10,692,1,1
10,693,1,1
10,694,1,1
10,695,1,1
10,696,1,1
10,697,1,1
10,698,1,1
10,699,1,1
10,700,1,1
10,701,1,1
10,702,1,1
10,703,1,1
10,704,1,1
10,705,1,1
10,706,1,1
10,707,1,1
10,708,1,1
10,709,1,1
10,710,1,1
10,711,1,1
10,712,1,1
10,713,1,1
10,714,1,1
10,715,1,1
10,716,1,1
10,717,1,1
10,718,1,1
10,719,1,1
10,720,1,1
10,721,1,1
10,722,1,1
10,723,1,1
10,724,1,1
10,725,1,0
10,726,1,0
10,727,1,0
10,728,1,0
10,729,1,0
10,730,1,1
10,731,1,1
10,732,1,1
10,733,1,1
10,734,1,1
10,735,1,1
10,736,1,1
10,737,1,1
10,738,1,1
10,739,1,1
10,740,1,1
10,741,1,1
10,742,1,1
10,743,1,1
10,744,1,1
10,745,1,1
10,746,1,1
10,747,1,0
10,748,1,0
10,749,1,0
10,750,1,0
10,751,1,0
10,752,1,0
10,753,1,0
10,754,1,0
10,755,1,0
10,756,1,0
10,757,1,0
10,758,1,0
10,759,1,0
10,760,1,0
10,761,1,0
10,762,1,0
10,763,1,0
10,764,1,0
10,765,1,0
10,766,1,0
10,767,1,0
10,768,1,0
10,769,1,0
10,770,1,0
10,771,1,0
10,772,1,0
10,773,1,0
10,774,1,0
10,775,1,0
10,776,1,0
10,777,1,0
10,778,1,0
10,779,1,0
10,780,1,0
10,781,1,0
10,782,1,1
10,783,1,1
10,784,1,1
10,785,1,1
10,786,1,1
10,787,1,1
10,788,1,1
10,789,1,1
10,790,1,1
10,791,1,1
10,792,1,1
10,793,1,1
10,794,1,1
10,795,1,1
10,796,1,1
10,797,1,1
10,798,1,1
10,799,1,1
10,800,1,1
10,801,1,1
10,802,1,1
10,803,1,1
10,804,1,1
10,805,1,1
10,806,1,1
10,807,1,1
10,808,1,1
10,809,1,1
10,810,1,1
10,811,1,1
10,812,1,1
10,813,1,1
10,814,1,1
10,815,1,1
10,816,1,1
10,817,1,1
10,818,1,1
10,819,1,1
10,820,1,1
10,821,1,1
10,822,1,1
10,823,1,1
10,824,1,1
10,825,1,1
10,826,1,1
10,827,1,1
10,828,1,1
10,829,1,1
10,830,1,1
10,831,1,0
10,832,1,0
10,833,1,0
10,834,1,0
10,835,1,0
10,836,1,0
10,837,1,0
10,838,1,0
10,839,1,0
10,840,1,0
10,841,1,0
10,842,1,0
10,843,1,0
10,844,1,0
10,845,1,0
10,846,1,0
10,847,1,0
10,848,1,0
10,849,1,0
10,850,1,0
10,851,1,0
10,852,1,0
10,853,1,0
10,854,1,0
10,855,1,0
10,856,1,0
10,857,1,0
10,858,1,0
10,859,1,0
10,860,1,0
10,861,1,1
10,862,1,1
10,863,1,1
10,864,1,1
10,865,1,0
10,866,1,0
10,867,1,0
10,868,1,0
10,869,1,0
10,870,1,0
10,871,1,0
10,872,1,1
10,873,1,1
10,874,1,1
10,875,1,1
10,876,1,1
10,877,1,1
10,878,1,1
10,879,1,1
10,880,1,1
10,881,1,1
10,882,1,1
10,883,1,1
10,884,1,1
10,885,1,1
10,886,1,1
10,887,1,0
10,888,1,0
10,889,1,0
10,890,1,0
10,891,1,0
10,892,1,0
10,893,1,0
10,894,1,0
10,895,1,0
10,896,1,0
10,897,1,0
10,898,1,0
10,899,1,1
10,900,1,1
10,901,1,1
10,902,1,1
10,903,1,0
10,904,1,0
10,905,1,0
10,906,1,0
10,907,1,0
10,908,1,0
10,909,1,0
10,910,1,0
10,911,1,1
10,912,1,1
10,913,1,1
10,914,1,1
10,915,1,1
10,916,1,1
10,917,1,1
10,918,1,1
10,919,1,1
10,920,1,0
10,921,1,0
10,922,1,0
10,923,1,0
10,924,1,0
10,929,0,3
10,930,0,3
10,931,0,3
10,932,0,3
10,933,0,0
10,934,0,0
10,935,0,0
10,936,0,0
10,937,0,0
10,938,0,0
10,939,0,0
10,940,0,0
10,941,0,0
10,942,0,0
10,943,0,0
10,944,0,0
10,945,0,0
10,946,0,0
10,947,0,0
10,948,0,0
10,949,0,0
10,950,0,0
10,951,0,0
10,952,0,0
10,953,0,0
10,954,0,0
10,955,0,0
10,956,0,0
10,957,0,0
10,958,0,0
10,959,0,0
10,960,0,0
10,961,0,0
10,962,0,0
10,963,0,0
10,964,0,0
10,965,0,0
10,966,0,0
10,967,0,0
10,968,0,0
10,969,0,0
10,970,0,3
10,971,0,3
10,972,0,3
10,973,0,3
10,974,0,0
10,975,0,0
10,976,0,0
10,977,0,0
10,978,0,0
10,979,0,0
10,980,0,0
10,981,0,0
10,982,0,3
10,983,0,3
10,984,0,3
10,985,0,3
10,986,0,3
10,987,0,0
10,988,0,0
10,989,0,0
10,990,0,0
10,991,0,0
10,992,0,0
10,993,0,0
10,994,0,0
10,995,0,0
10,996,0,0
10,997,0,0
10,998,0,0
10,999,0,0
10,1000,0,0
10,1001,0,0
10,1002,0,0
10,1003,0,0
10,1004,0,0
10,1005,0,0
10,1006,0,0
10,1007,0,0
10,1008,0,0
10,1009,0,3
10,1010,0,3
10,1011,0,3
10,1012,0,3
10,1013,0,3
10,1014,0,3
10,1015,0,3
10,1016,0,3
10,1017,0,3
10,1018,0,3
10,1019,0,3
10,1020,0,3
10,1021,0,3
10,1022,0,3
10,1023,0,3
10,1024,0,3
10,1025,0,3
10,1026,0,3
10,1027,0,3
10,1028,0,3
10,1029,0,3
10,1030,0,3
10,1031,1,0
10,1032,1,0
10,1033,1,0
10,1034,1,0
10,1035,1,0
10,1036,1,0
10,1037,1,0
10,1038,1,0
10,1039,1,0
10,1040,1,0
10,1041,1,0
10,1042,1,0
10,1043,1,0
10,1044,1,0
10,1045,1,0
10,1046,1,0
10,1047,0,0
10,1048,0,0
10,1049,0,0
10,1050,0,0
10,1051,0,0
10,1052,0,0
10,1053,0,0
10,1054,0,0
10,1055,0,0
10,1056,0,0
10,1057,0,0
10,1058,0,0
10,1059,0,0
10,1060,0,0
10,1061,0,0
10,1062,0,0
10,1063,1,0
10,1064,1,0
10,1065,1,0
10,1066,1,0
10,1067,1,0
10,1068,1,1
10,1069,1,1
10,1070,1,1
10,1071,1,1
10,1072,1,1
10,1073,1,1
10,1074,1,1
10,1075,1,1
10,1076,1,1
10,1077,1,1
10,1078,1,1
10,1079,1,1
10,1080,1,1
10,1081,1,1
10,1082,1,1
10,1083,1,1
10,1084,1,1
10,1085,0,0
10,1086,0,0
10,1087,0,0
10,1088,0,0
10,1089,0,0
10,1090,0,0
10,1091,0,0
10,1092,0,0
10,1093,0,0
10,1094,0,0
10,1095,0,0
10,1096,0,0
10,1097,0,0
10,1098,0,0
10,1099,0,0
10,1100,0,0
10,1101,0,0
10,1102,0,0
10,1103,0,0
10,1104,0,0
10,1105,0,0
10,1106,0,0
10,1107,0,0
10,1108,0,0
10,1109,0,0
10,1110,0,0
10,1111,0,0
10,1112,0,0
10,1113,0,0
10,1114,0,0
10,1115,0,0
10,1116,0,0
10,1117,0,0
10,1118,0,0
10,1119,0,0
10,1120,0,0
10,1121,0,0
10,1122,0,0
10,1123,0,0
10,1124,0,0
10,1125,0,0
10,1126,0,0
10,1127,0,0
10,1128,0,0
10,1129,0,0
10,1130,0,0
10,1131,0,0
10,1132,0,0
10,1133,0,0
10,1134,0,0
10,1135,0,0
10,1136,0,0
10,1137,0,0
10,1138,0,0
10,1139,0,0
10,1140,0,0
10,1141,0,3
10,1142,0,3
10,1143,0,3
10,1144,0,3
10,1145,0,3
10,1146,0,0
10,1147,0,0
10,1148,0,0
10,1149,0,0
10,1150,0,0
10,1151,0,0
10,1152,0,0
10,1153,0,0
10,1154,0,0
10,1155,0,0
10,1156,0,0
10,1157,0,0
10,1158,0,0
10,1159,0,0
10,1160,0,0
10,1161,0,0
10,1162,0,0
10,1163,0,0
10,1164,0,0
10,1165,0,0
10,1166,0,0
10,1167,0,0
10,1168,0,0
10,1169,0,0
10,1170,0,0
11,1,0,0
11,2,0,0
11,3,0,0
11,4,0,0
11,5,0,0
11,6,0,0
11,7,0,0
11,8,0,0
11,9,0,0
11,10,0,0
11,11,0,0
11,12,0,0
11,13,0,0
11,14,0,0
11,15,0,0
11,16,0,0
11,17,0,0
11,18,0,0
11,19,0,0
11,20,0,0
11,21,0,0
11,22,0,0
11,23,0,0
11,24,0,0
11,25,0,0
11,26,0,0
11,27,0,0
11,28,0,0
11,29,0,0
11,30,1,3
11,31,1,3
11,32,1,3
11,33,1,0
11,34,1,0
11,35,1,0
11,36,1,0
11,37,1,0
11,38,1,0
11,39,1,0
11,40,1,0
11,41,1,0
11,42,1,0
11,43,1,3
11,44,1,3
11,45,1,3
11,46,1,3
11,47,1,3
11,48,1,3
11,49,1,3
11,50,1,3
11,51,1,3
11,52,1,3
11,53,1,3
11,54,1,3
11,55,1,0
11,56,1,0
11,57,1,0
11,58,1,1
11,59,1,1
11,60,1,1
11,61,1,0
11,62,1,0
11,63,1,0
11,64,1,3
11,65,1,3
11,66,1,3
11,67,0,0
11,68,0,0
11,69,0,0
11,70,0,0
11,71,0,0
11,72,0,0
11,73,0,0
11,74,0,0
11,75,0,0
11,76,0,0
11,77,0,0
11,78,0,0
11,79,0,0
11,80,0,0
11,81,1,0
11,82,1,0
11,83,1,0
11,84,1,0
11,85,1,1
11,86,1,1
11,87,1,1
11,88,1,0
11,89,1,0
11,90,1,0
11,91,1,1
11,92,1,1
11,93,1,1
11,94,1,1
11,95,1,1
11,96,1,1
11,97,1,1
11,98,1,1
11,99,1,1
11,100,1,1
11,101,1,1
11,102,1,1
11,103,1,1
11,104,1,1
11,105,1,1
11,106,1,1
11,107,0,0
11,108,0,0
11,109,0,0
11,110,0,0
11,111,0,0
11,112,0,0
11,113,0,0
11,114,0,0
11,115,0,0
11,116,0,0
11,117,0,0
11,118,0,0
11,119,0,0
11,120,1,0
11,121,1,0
11,122,1,0
11,123,1,1
11,124,1,1
11,125,1,1
11,126,1,1
11,127,1,1
11,128,1,1
11,129,1,1
11,130,1,1
11,131,1,1
11,132,1,1
11,133,1,1
11,134,1,1
11,135,1,1
11,136,1,1
11,137,1,1
11,138,1,1
11,139,1,1
11,140,1,1
11,141,1,1
11,142,1,1
11,143,1,1
11,144,1,1
11,145,1,1
11,146,1,1
11,147,1,1
11,148,1,1
11,149,1,1
11,150,1,1
11,151,1,1
11,152,1,1
11,153,1,1
11,154,1,1
11,155,1,1
11,156,1,1
11,157,1,1
11,158,1,1
11,159,1,1
11,160,1,1
11,161,1,1
11,162,1,1
11,163,1,1
11,164,1,1
11,165,1,1
11,166,1,1
11,167,1,1
11,168,1,1
11,169,1,1
11,170,1,1
11,171,1,1
11,172,1,1
11,173,1,1
11,174,1,1
11,175,1,1
11,176,1,1
11,177,1,1
11,178,1,1
11,179,1,1
11,180,1,1
11,181,1,1
11,182,1,1
11,183,1,1
11,184,1,1
11,185,1,1
11,189,0,0
11,190,0,0
11,191,0,0
11,192,0,0
11,193,0,0
11,194,0,0
11,195,1,0
11,196,1,0
11,197,1,0
11,198,1,0
11,199,1,0
11,200,1,0
11,201,1,0
11,202,1,0
11,203,1,0
11,204,1,1
11,205,1,1
11,206,1,1
11,207,1,1
11,208,1,1
11,209,1,1
11,210,1,1
11,211,1,1
11,212,1,1
11,213,1,0
11,214,1,0
11,215,1,0
11,216,1,0
11,217,1,0
11,218,1,0
11,219,1,0
11,220,1,0
11,221,1,0
11,222,1,0
11,223,1,1
11,224,1,1
11,225,1,1
11,226,0,0
11,227,0,0
11,228,0,0
11,229,0,0
11,230,0,0
11,231,0,0
11,232,0,0
11,233,0,0
11,234,0,0
11,235,0,0
11,236,0,0
11,237,0,0
11,238,0,0
11,239,0,0
11,240,0,0
11,241,0,0
11,242,0,0
11,243,0,0
11,244,0,0
11,245,0,0
11,246,0,0
11,247,0,0
11,248,0,0
11,249,0,0
11,250,0,0
11,251,0,0
11,255,1,0
11,256,1,0
11,257,1,0
11,258,1,0
11,259,1,0
11,260,1,0
11,261,1,0
11,262,1,1
11,263,1,1
11,264,1,1
11,265,1,0
11,266,1,0
11,267,1,0
11,268,1,1
11,269,1,1
11,270,1,1
11,271,1,3
11,272,1,3
11,273,1,3
11,274,1,3
11,275,1,1
11,276,1,1
11,277,1,1
11,278,1,1
11,279,1,1
11,280,1,1
11,281,1,1
11,282,1,1
11,283,1,1
11,284,1,1
11,285,1,0
11,286,1,0
11,287,1,0
11,288,1,0
11,289,1,0
11,290,1,0
11,291,1,0
11,292,1,0
11,293,1,0
11,294,1,3
11,295,1,3
11,296,1,3
11,297,1,3
11,298,1,3
11,299,1,3
11,300,1,3
11,301,1,3
11,302,1,3
11,303,1,0
11,304,1,0
11,305,1,0
11,306,1,1
11,307,1,1
11,308,1,1
11,309,1,1
11,310,1,0
11,311,1,0
11,312,1,0
11,313,1,0
11,314,1,0
11,315,1,0
11,316,1,0
11,317,1,0
11,318,1,0
11,319,1,0
11,320,1,0
11,321,1,0
11,322,1,0
11,323,1,0
11,324,1,0
11,325,1,0
11,326,1,0
11,327,1,0
11,328,1,0
11,329,1,0
11,330,1,0
11,331,1,0
11,332,1,0
11,333,1,0
11,334,1,0
11,335,1,0
11,336,1,0
11,337,1,1
11,338,1,1
11,339,1,1
11,340,1,1
11,341,1,0
11,342,1,0
11,343,1,1
11,344,1,1
11,345,1,1
11,346,1,1
11,347,1,1
11,348,1,1
11,349,1,1
11,350,1,1
11,351,1,1
11,352,1,1
11,353,1,1
11,354,1,1
11,355,1,1
11,356,1,1
11,357,1,1
11,358,1,3
11,359,1,3
11,360,1,3
11,361,1,3
11,362,1,3
11,363,1,3
11,364,1,3
11,365,1,1
11,366,1,1
11,367,1,1
11,368,1,1
11,369,1,1
11,370,1,1
11,371,1,1
11,372,1,1
11,373,1,1
11,374,1,1
11,375,1,1
11,376,1,1
11,377,1,1
11,378,1,3
11,379,1,3
11,380,1,3
11,381,1,0
11,382,1,0
11,383,1,0
11,384,1,0
11,385,1,0
11,386,1,0
11,387,1,0
11,388,1,0
11,389,1,0
11,390,1,0
11,391,1,0
11,392,1,0
11,393,1,0
11,394,1,3
11,395,1,3
11,396,1,3
11,397,1,0
11,398,1,0
11,399,1,0
11,400,1,1
11,401,1,1
11,402,1,1
11,403,1,0
11,404,1,0
11,405,1,0
11,406,1,1
11,407,1,1
11,408,1,1
11,409,1,1
11,410,1,1
11,411,1,1
11,412,1,1
11,413,1,0
11,414,1,0
11,415,1,0
11,416,1,1
11,417,1,1
11,418,1,1
11,419,1,0
11,420,1,0
11,421,1,0
11,422,1,0
11,423,1,0
11,424,1,0
11,425,1,0
11,426,1,0
11,427,1,0
11,428,1,0
11,429,1,0
11,430,1,0
11,431,1,0
11,432,1,0
11,433,1,0
11,434,1,0
11,435,1,0
11,436,1,0
11,437,0,0
11,438,0,0
11,439,0,0
11,440,0,0
11,441,0,0
11,442,0,0
11,443,0,0
11,444,0,0
11,445,0,0
11,446,0,0
11,447,0,0
11,448,0,0
11,449,0,0
11,450,0,0
11,451,0,0
11,452,0,0
11,453,0,0
11,454,0,0
11,455,0,0
11,456,0,0
11,457,0,0
11,458,0,0
11,459,0,0
11,460,0,0
11,461,0,0
11,462,0,0
11,463,0,0
11,464,0,0
11,465,0,0
11,466,0,0
11,467,0,0
11,468,0,0
11,469,0,0
11,470,0,0
11,471,0,0
11,472,0,0
11,473,0,0
11,474,0,0
11,475,0,0
11,476,0,0
11,477,0,0
11,478,0,0
11,479,0,0
11,480,0,0
11,481,0,0
11,482,0,0
11,483,0,0
11,484,0,0
11,485,0,0
11,486,0,0
11,487,0,0
11,488,0,0
11,489,0,0
11,490,0,0
11,491,1,0
11,492,1,0
11,493,1,0
11,494,1,0
11,495,1,0
11,496,1,0
11,497,1,0
11,498,1,0
11,499,1,0
11,500,1,0
11,501,1,0
11,502,1,0
11,503,1,0
11,504,1,0
11,505,1,0
11,506,1,0
11,507,1,0
11,508,1,3
11,509,1,3
11,510,1,3
11,511,1,1
11,512,1,1
11,513,1,1
11,514,1,1
11,515,1,1
11,516,1,1
11,517,1,0
11,518,1,0
11,519,1,0
11,520,1,0
11,521,1,1
11,522,1,1
11,523,1,1
11,524,1,0
11,525,1,0
11,526,1,0
11,527,1,0
11,528,1,0
11,529,1,0
11,530,1,0
11,531,1,0
11,532,1,0
11,533,1,0
11,534,1,0
11,535,1,0
11,536,1,0
11,537,1,0
11,538,1,0
11,539,1,0
11,540,1,0
11,541,1,0
11,542,1,0
11,543,1,0
11,544,1,0
11,545,1,0
11,546,1,0
11,547,1,0
11,548,1,0
11,549,1,0
11,550,1,0
11,551,1,0
11,552,1,0
11,553,1,0
11,554,1,0
11,555,1,0
11,556,1,0
11,557,1,0
11,558,1,0
11,559,1,0
11,560,1,0
11,561,1,0
11,562,1,3
11,563,1,3
11,564,1,3
11,565,1,3
11,566,1,3
11,567,1,3
11,568,1,0
11,569,1,0
11,570,1,0
11,571,1,0
11,572,1,0
11,573,1,0
11,574,1,3
11,575,1,3
11,576,1,3
11,577,1,3
11,578,1,3
11,579,1,3
11,580,1,3
11,581,1,3
11,582,1,3
11,583,1,3
11,584,1,3
11,585,1,3
11,586,1,3
11,587,1,3
11,588,1,3
11,589,1,3
11,590,1,3
11,591,1,3
11,592,1,3
11,593,1,3
11,594,1,3
11,595,1,3
11,596,1,3
11,597,1,3
11,598,1,3
11,599,1,3
11,600,1,3
11,601,1,3
11,602,1,3
11,603,1,3
11,604,1,3
11,605,1,3
11,606,1,3
11,607,1,3
11,608,1,3
11,609,1,3
11,610,1,3
11,611,1,3
11,612,1,3
11,613,1,3
11,614,1,3
11,615,1,3
11,616,1,3
11,617,1,3
11,618,1,3
11,619,1,3
11,620,1,3
11,621,1,3
11,622,1,3
11,623,1,3
11,624,1,3
11,625,1,3
11,626,1,3
11,627,1,3
11,628,1,3
11,629,1,3
11,630,1,3
11,631,1,3
11,632,1,3
11,633,1,3
11,634,1,3
11,635,1,3
11,636,1,3
11,637,1,3
11,638,1,3
11,639,1,3
11,640,1,3
11,641,1,3
11,642,1,3
11,643,1,3
11,644,1,3
11,645,0,3
11,646,0,3
11,647,0,3
11,648,0,0
11,649,0,0
11,650,0,0
11,651,0,0
11,652,0,0
11,653,0,0
11,654,0,0
11,655,0,3
11,656,0,3
11,657,0,3
11,658,0,3
11,659,0,3
11,660,0,3
11,661,0,3
11,662,0,3
11,663,0,3
11,664,0,3
11,665,0,3
11,666,0,3
11,667,0,3
11,668,0,3
11,669,0,3
11,670,0,3
11,671,0,3
11,672,0,3
11,673,0,3
11,674,0,3
11,675,0,3
11,676,0,3
11,677,0,3
11,678,0,3
11,679,0,3
11,680,0,3
11,681,0,3
11,682,0,3
11,683,0,3
11,684,0,3
11,685,0,3
11,686,0,3
11,687,0,0
11,688,0,0
11,689,0,0
11,690,0,3
11,691,0,3
11,692,0,3
11,693,0,3
11,694,0,3
11,695,0,3
11,696,0,3
11,697,0,3
11,698,0,3
11,699,0,3
11,700,0,3
11,701,0,3
11,702,0,3
11,703,0,3
11,704,0,3
11,705,0,3
11,706,0,3
11,707,0,3
11,708,0,3
11,709,0,3
11,710,0,3
11,711,0,3
11,712,0,3
11,713,0,3
11,714,0,3
11,715,0,3
11,716,0,3
11,717,0,3
11,718,0,3
11,719,0,3
11,720,0,3
11,721,0,3
11,722,0,3
11,723,0,3
11,724,0,3
11,725,0,3
11,726,0,3
11,727,0,3
11,728,0,3
11,729,0,3
11,730,0,3
11,731,0,3
11,732,0,3
11,733,0,3
11,734,0,3
11,735,0,3
11,736,0,3
11,737,0,0
11,738,0,0
11,739,0,0
11,740,0,3
11,741,0,3
11,742,0,3
11,743,0,3
11,744,0,3
11,745,0,3
11,746,0,3
11,747,0,3
11,748,0,3
11,749,0,3
11,750,0,3
11,751,1,3
11,752,1,3
11,753,1,3
11,754,1,3
11,755,1,3
11,756,1,3
11,757,1,3
11,758,1,3
11,759,1,3
11,760,1,3
11,761,1,3
11,762,1,3
11,763,1,3
11,764,1,3
11,765,1,3
11,766,1,3
11,767,1,3
11,768,1,3
11,769,1,3
11,770,1,3
11,771,1,3
11,772,1,3
11,773,1,3
11,774,1,3
11,775,1,3
11,776,1,3
11,777,1,3
11,778,1,3
11,779,1,3
11,780,1,3
11,781,1,3
11,782,1,3
11,783,1,3
11,784,1,3
11,785,1,3
11,786,1,3
11,787,1,0
11,788,1,0
11,789,1,0
11,790,1,0
11,791,1,0
11,792,1,0
11,793,1,0
11,794,1,0
11,795,1,0
11,796,1,0
11,797,1,0
11,798,1,0
11,799,0,0
11,800,0,0
11,801,0,0
11,802,0,0
11,803,0,0
11,804,0,0
11,805,0,0
11,806,0,0
11,807,0,0
11,808,0,0
11,809,0,0
11,810,0,0
11,811,0,0
11,812,0,0
11,813,0,0
11,814,0,0
11,815,0,0
11,816,1,0
11,817,1,0
11,818,1,0
11,819,1,0
11,820,1,0
11,821,1,0
11,822,1,0
11,823,1,0
11,824,1,0
11,825,1,0
11,826,1,0
11,827,1,0
11,828,1,0
11,829,0,0
11,830,0,0
11,831,0,0
11,832,0,0
11,833,0,0
11,834,0,0
11,835,0,0
11,836,0,0
11,837,0,0
11,838,0,0
11,839,1,0
11,840,1,0
11,841,1,0
11,842,1,0
11,843,1,0
11,844,1,0
11,845,1,0
11,846,1,0
11,847,1,0
11,848,1,0
11,849,1,0
11,850,0,0
11,851,0,0
11,852,0,0
11,853,0,0
11,854,0,0
11,855,0,0
11,856,0,0
11,857,0,0
11,858,0,0
11,859,0,0
11,860,0,0
11,861,0,0
11,862,0,0
11,863,0,0
11,864,0,0
11,865,0,0
11,866,0,0
11,867,0,0
11,868,0,0
11,869,0,0
11,870,0,0
11,871,0,0
11,872,0,0
11,873,0,0
11,874,0,0
11,875,0,3
11,876,0,3
11,877,0,3
11,878,0,3
11,879,0,3
11,880,0,3
11,881,0,3
11,882,0,3
11,883,0,3
11,884,0,3
11,885,0,3
11,886,0,3
11,887,0,3
11,888,0,3
11,889,0,3
11,890,0,3
11,891,0,3
11,892,0,3
11,893,0,3
11,894,0,3
11,895,0,3
11,896,0,3
11,897,0,3
11,898,0,3
11,899,0,3
11,900,0,3
11,901,0,3
11,902,0,3
11,903,0,3
11,904,0,3
11,905,0,3
11,906,0,3
11,907,0,3
11,908,0,3
11,909,0,3
11,910,0,3
11,911,0,3
11,912,0,3
11,913,0,3
11,914,0,3
11,915,0,3
11,916,0,3
11,917,0,3
11,918,0,3
11,919,0,3
11,920,0,3
11,921,0,3
11,922,0,3
11,923,0,0
11,924,0,0
11,925,0,0
11,926,0,0
11,927,0,0
11,928,0,0
11,929,0,0
11,930,0,0
11,931,0,0
11,932,0,3
11,933,0,3
11,934,0,3
11,935,0,3
11,936,0,3
11,937,0,3
11,938,0,3
11,939,0,3
11,940,0,3
11,941,0,3
11,942,1,3
11,943,1,3
11,944,1,3
11,945,1,3
11,946,1,3
11,947,1,3
11,948,1,3
11,949,1,3
11,950,1,3
11,951,1,3
11,952,1,3
11,953,1,3
11,954,1,3
11,955,1,3
11,956,1,3
11,957,1,3
11,958,0,3
11,959,0,3
11,960,0,3
11,961,0,0
11,962,0,0
11,963,0,0
11,964,0,3
11,965,0,3
11,966,0,3
11,967,0,3
11,968,0,3
11,969,0,3
11,970,0,3
11,971,0,0
11,972,0,0
11,973,0,0
11,974,0,3
11,975,0,3
11,976,0,3
11,977,0,0
11,978,0,0
11,979,0,0
11,980,0,3
11,981,0,3
11,982,0,3
11,983,0,0
11,984,0,0
11,985,0,0
11,986,0,0
11,987,0,0
11,988,0,0
11,989,0,0
11,990,0,0
11,991,0,0
11,992,0,0
11,993,0,0
11,994,0,0
11,995,0,0
11,996,0,0
11,997,0,0
11,998,0,3
11,999,0,3
11,1000,0,3
11,1001,0,3
11,1002,0,3
11,1003,0,3
11,1004,0,3
11,1005,0,3
11,1006,0,3
11,1007,0,3
11,1008,0,3
11,1009,0,3
11,1010,0,3
11,1011,0,3
11,1012,0,3
11,1013,0,3
11,1014,0,3
11,1015,0,3
11,1016,0,3
11,1017,0,3
11,1018,0,3
11,1019,0,3
11,1020,0,3
11,1021,0,3
11,1022,0,3
11,1023,0,3
11,1024,0,3
11,1025,0,3
11,1026,0,3
11,1027,0,3
11,1028,0,3
11,1029,0,3
11,1030,0,3
11,1031,0,0
11,1032,0,0
11,1033,0,0
11,1034,0,0
11,1035,0,3
11,1036,0,3
11,1037,0,3
11,1038,0,0
11,1039,0,0
11,1040,0,0
11,1041,0,0
11,1042,0,0
11,1043,0,0
11,1044,0,0
11,1045,0,0
11,1046,0,0
11,1047,0,0
11,1048,0,3
11,1049,0,3
11,1050,0,3
11,1051,0,3
11,1052,0,3
11,1053,0,3
11,1054,0,3
11,1055,0,3
11,1056,0,3
11,1057,0,3
11,1058,0,3
11,1059,0,3
11,1060,0,3
11,1061,0,3
11,1062,0,3
11,1063,0,3
11,1064,0,3
11,1065,0,3
11,1066,0,3
11,1067,0,3
11,1068,0,3
11,1069,0,3
11,1070,0,3
11,1071,0,3
11,1072,0,3
11,1073,0,3
11,1074,0,3
11,1075,0,3
11,1076,0,3
11,1077,0,3
11,1078,0,3
11,1079,0,3
11,1080,0,3
11,1081,0,3
11,1082,0,3
11,1083,0,3
11,1084,0,0
11,1085,0,0
11,1086,0,0
11,1087,0,0
11,1088,0,0
11,1089,0,0
11,1090,0,0
11,1091,0,0
11,1092,0,3
11,1093,0,3
11,1094,0,3
11,1095,0,0
11,1096,0,0
11,1097,0,0
11,1098,0,0
11,1099,0,3
11,1100,0,3
11,1101,0,3
11,1102,0,3
11,1103,1,3
11,1104,1,3
11,1105,1,3
11,1106,1,3
11,1107,1,3
11,1108,1,3
11,1109,1,3
11,1110,0,3
11,1111,0,3
11,1112,0,3
11,1113,0,3
11,1114,0,3
11,1115,0,3
11,1116,0,3
11,1117,0,3
11,1118,0,0
11,1119,0,0
11,1120,0,0
11,1121,0,0
11,1122,0,0
11,1123,0,0
11,1124,0,0
11,1125,0,0
11,1126,0,0
11,1127,0,0
11,1128,0,0
11,1129,0,0
11,1130,0,0
11,1131,0,3
11,1132,0,3
11,1133,0,3
11,1134,0,3
11,1135,0,3
11,1136,0,3
11,1137,0,3
11,1138,0,3
11,1139,0,3
11,1140,0,3
11,1141,0,3
11,1142,0,3
11,1143,0,3
11,1144,0,3
11,1145,0,3
11,1146,0,3
11,1147,0,3
11,1148,0,3
11,1149,0,3
11,1150,0,3
11,1151,0,3
11,1152,0,3
11,1153,0,3
11,1154,0,3
11,1155,0,0
11,1156,0,0
11,1157,0,0
11,1158,0,0
11,1159,0,3
11,1160,0,3
11,1161,0,3
11,1162,0,3
11,1163,0,3
11,1164,0,3
11,1165,0,3
11,1166,0,0
11,1167,0,0
11,1168,0,0
11,1169,0,3
11,1170,0,3
11,1171,0,3
11,1172,0,0
11,1173,0,0
11,1174,0,0
11,1175,0,0
11,1176,0,0
11,1177,0,0
11,1178,0,0
11,1179,0,0
11,1180,0,0
11,1181,0,0
11,1182,0,0
11,1183,1,0
11,1184,1,0
11,1185,1,0
11,1186,1,0
11,1187,1,0
11,1188,1,0
11,1189,1,0
11,1190,1,1
11,1191,1,1
11,1192,1,1
11,1193,1,1
11,1194,1,1
11,1195,1,1
11,1196,1,1
11,1197,1,0
11,1198,1,0
11,1199,1,0
11,1200,1,1
11,1201,1,1
11,1202,1,1
11,1203,1,1
11,1204,1,1
11,1205,1,1
11,1206,1,1
11,1207,1,0
11,1208,1,0
11,1209,1,0
11,1210,1,0
11,1211,1,0
11,1212,1,0
11,1213,1,0
11,1214,1,0
11,1215,1,0
11,1216,1,0
11,1217,1,0
11,1218,1,0
11,1219,1,0
11,1220,1,0
11,1221,1,1
11,1222,1,1
11,1223,1,1
11,1224,1,1
11,1225,1,1
11,1226,1,1
11,1227,1,1
2,1,0,0
2,2,0,0
2,3,0,0
2,4,0,0
2,5,0,0
2,6,0,0
2,7,1,0
2,8,1,0
2,9,1,0
2,10,1,0
2,11,1,0
2,12,1,0
2,13,1,0
2,14,0,0
2,15,0,0
2,16,0,0
2,17,1,0
2,18,1,0
2,19,1,0
2,20,1,0
2,21,1,0
2,22,1,0
2,23,1,0
2,24,1,0
2,25,1,0
2,26,1,0
2,27,1,0
2,28,1,0
2,29,1,0
2,30,1,0
2,31,1,0
2,32,1,0
2,33,1,0
2,34,1,0
2,35,1,0
2,36,1,0
2,37,1,0
2,38,1,0
2,39,0,0
2,40,0,0
2,41,0,0
2,42,1,0
2,43,1,0
2,44,1,0
2,45,1,0
2,46,1,0
2,47,0,0
2,48,0,0
2,49,0,0
2,50,0,0
2,51,0,0
2,52,0,0
2,53,0,0
2,54,0,0
2,55,0,0
2,56,1,0
2,57,1,0
2,58,1,0
2,59,1,3
2,60,1,0
2,61,1,0
2,62,1,0
2,63,1,0
2,64,1,0
2,65,1,0
2,66,0,0
2,67,0,0
2,68,0,0
2,69,0,0
2,70,0,0
2,71,0,0
2,72,0,3
2,73,1,0
2,74,1,0
2,75,1,0
2,76,1,0
2,77,1,0
2,78,0,0
2,79,0,0
2,80,0,0
2,81,0,0
2,82,0,0
2,83,1,0
2,84,1,0
2,85,1,3
2,86,1,0
2,88,1,0
2,89,1,0
2,90,1,3
2,91,1,0
2,92,1,0
2,93,1,0
2,94,1,0
2,95,1,0
2,96,1,0
2,97,1,0
2,98,1,0
2,99,1,0
2,100,1,0
2,101,1,0
2,102,1,0
2,103,0,0
2,104,0,0
2,105,0,0
2,106,1,0
2,107,1,0
2,108,1,0
2,109,1,0
2,110,1,0
2,111,1,0
2,112,1,0
2,113,1,0
2,114,1,0
2,115,0,0
2,116,0,0
2,117,0,0
2,118,0,0
2,119,1,0
2,120,1,0
2,121,1,0
2,122,0,0
2,123,0,3
2,124,0,0
2,125,0,0
2,126,0,0
2,127,0,0
2,128,0,0
2,129,0,0
2,130,0,0
2,131,1,0
2,132,1,0
2,133,1,0
2,134,1,0
2,135,1,0
2,136,1,0
2,137,1,0
2,138,1,0
2,139,1,0
2,140,1,0
2,141,1,0
2,142,1,0
2,143,1,0
2,144,1,0
2,145,1,0
2,146,1,0
2,147,1,0
2,148,1,0
2,149,1,0
2,150,1,0
2,151,0,0
2,152,0,0
2,153,0,0
2,154,0,0
2,155,0,0
2,156,0,0
2,157,0,0
2,158,0,0
2,159,0,0
2,160,0,0
2,161,0,0
2,162,0,0
2,163,0,0
2,164,0,0
2,165,0,0
2,166,0,0
2,167,0,0
2,168,0,0
2,169,0,0
2,170,1,0
2,171,1,0
2,172,1,0
2,173,1,0
2,174,1,0
2,175,1,0
2,176,1,0
2,177,1,0
2,178,1,0
2,179,1,0
2,180,1,0
2,182,1,0
2,183,1,0
2,184,1,0
2,185,1,0
2,186,1,0
2,187,1,0
2,188,1,0
2,189,1,0
2,190,1,3
2,191,1,0
2,192,1,0
2,193,1,0
2,194,1,0
2,195,1,0
2,196,1,0
2,197,1,0
2,198,0,0
2,199,0,0
2,200,0,0
2,201,1,0
2,202,1,0
2,203,1,0
2,204,1,0
2,205,1,0
2,206,1,0
2,207,1,0
2,208,1,0
2,209,1,0
2,210,1,0
2,211,1,0
2,212,1,0
2,213,1,0
2,214,1,0
2,215,1,0
2,216,1,0
2,217,1,0
2,218,1,0
2,219,1,0
2,220,1,0
2,221,1,0
2,222,1,0
2,223,1,0
2,224,1,0
2,225,1,0
2,226,1,0
2,227,1,0
2,228,1,0
2,229,1,0
2,230,1,0
2,231,1,0
2,232,1,0
2,233,1,0
2,234,1,0
2,235,1,0
2,236,1,0
2,237,0,0
3,1,0,0
3,2,0,0
3,3,0,0
3,4,0,0
3,5,0,0
3,6,0,3
3,7,0,3
3,8,1,3
3,9,1,3
3,10,1,3
3,11,1,3
3,12,1,3
3,13,1,0
3,14,1,3
3,15,1,0
3,16,1,0
3,17,1,0
3,18,1,0
3,19,1,0
3,20,1,0
3,21,1,0
3,22,1,0
3,23,1,0
3,24,1,0
3,25,1,0
3,26,1,3
3,27,1,3
3,28,1,3
3,29,1,3
3,30,1,0
3,31,1,3
3,32,1,3
3,33,1,3
3,34,1,3
3,35,1,3
3,36,1,3
3,37,1,0
3,38,0,0
3,39,0,0
3,40,0,0
3,41,0,0
3,42,0,0
3,43,1,0
3,44,1,3
3,45,1,3
3,46,1,3
3,47,1,3
3,48,1,3
3,49,1,0
3,50,0,0
3,51,0,0
3,52,0,0
3,53,0,0
3,54,0,0
3,55,1,0
3,56,1,0
3,57,1,0
3,58,1,0
3,59,1,0
3,60,1,0
3,61,1,0
3,62,0,0
3,63,0,0
3,64,0,0
3,65,0,0
3,66,0,0
3,67,1,0
3,68,1,0
3,69,1,0
3,70,1,0
3,71,1,0
3,72,1,0
3,73,1,0
3,74,1,0
3,75,1,0
3,76,1,0
3,77,0,3
3,78,0,0
3,79,0,0
3,80,0,0
3,81,0,0
3,82,0,0
3,83,1,0
3,84,1,0
3,85,1,0
3,86,1,0
3,87,1,0
3,88,1,0
3,89,0,0
3,90,0,0
3,91,0,0
3,92,0,0
3,93,1,0
3,94,1,3
3,95,0,0
3,96,0,0
3,97,0,0
3,98,0,0
3,99,0,0
3,100,0,3
3,101,0,0
3,102,0,0
3,103,1,0
3,104,1,0
3,105,1,0
3,106,1,3
3,107,1,3
3,108,1,3
3,109,1,3
3,110,0,3
3,111,0,3
3,112,0,3
3,113,1,3
3,114,1,3
3,115,1,3
3,116,1,3
3,117,1,0
3,118,1,0
3,119,1,3
3,120,1,3
3,121,1,3
3,122,1,3
3,123,1,3
3,124,1,3
3,125,1,3
3,126,1,3
3,127,1,0
3,128,1,0
3,129,1,3
3,130,1,0
3,131,1,0
3,132,1,0
3,133,1,0
3,134,1,0
3,135,1,3
3,136,1,0
3,137,1,3
3,138,1,0
3,139,1,0
3,140,1,3
3,141,1,0
3,142,1,3
3,143,1,3
3,144,1,0
3,145,1,3
3,146,1,0
3,147,1,0
3,148,1,0
3,149,1,3
3,150,1,0
3,151,1,0
3,152,1,0
3,153,1,0
3,154,1,0
3,155,1,0
3,156,1,0
3,157,1,3
3,158,1,0
3,159,1,0
3,160,1,3
3,161,1,3
3,162,0,0
3,163,0,0
3,164,0,0
3,165,0,0
3,166,0,0
3,167,0,0
3,168,0,0
3,169,0,0
3,170,1,0
3,171,1,0
3,172,1,0
3,173,1,3
3,174,1,0
3,175,1,0
3,176,1,0
3,177,1,1
3,178,1,1
3,179,1,3
3,180,1,0
3,181,1,0
3,182,1,0
3,183,1,0
3,184,1,0
3,185,1,0
3,186,1,0
3,187,1,0
3,188,1,1
3,189,1,0
3,190,1,0
3,191,1,1
3,192,1,0
3,193,1,0
3,194,1,0
3,195,1,0
3,196,1,0
3,197,0,0
3,198,0,0
3,199,0,0
3,200,0,0
3,201,0,0
3,202,0,0
3,203,0,0
3,204,0,0
3,205,0,0
3,206,0,0
3,207,1,0
3,208,1,0
3,209,1,0
3,210,1,0
3,211,1,0
3,212,1,3
3,213,0,0
3,214,0,3
3,215,0,0
3,216,0,3
3,217,0,0
3,218,0,0
3,219,0,0
3,220,0,0
3,221,0,0
3,222,0,0
3,223,1,0
3,224,1,0
3,225,1,0
3,226,1,0
3,227,0,0
3,228,0,0
3,229,0,0
3,230,0,0
3,231,1,0
3,232,1,0
3,233,1,0
3,234,1,0
3,235,1,0
3,236,1,1
3,237,0,3
3,238,0,0
3,239,0,0
3,240,0,0
3,241,0,0
3,242,0,0
3,243,0,1
3,244,0,0
3,245,0,0
3,246,0,0
3,247,0,0
3,248,0,0
3,249,0,0
3,250,1,0
3,251,1,0
3,252,1,0
3,253,1,0
3,254,1,0
3,255,1,0
3,256,0,0
3,257,0,0
3,258,0,0
3,259,0,0
3,260,0,0
3,261,0,3
3,262,0,0
3,263,0,0
3,264,1,0
3,265,1,0
3,266,1,0
3,267,1,0
3,268,1,0
3,269,1,0
3,270,1,0
3,271,1,0
3,272,1,0
3,273,1,0
3,274,1,0
3,275,1,0
3,276,1,0
3,277,1,0
3,278,1,0
3,279,1,0
3,280,0,0
3,281,0,0
3,282,0,0
3,283,0,0
3,284,0,0
3,285,0,0
3,286,0,0
3,287,0,0
3,288,0,0
3,289,1,0
3,290,1,0
3,291,1,0
3,292,0,3
3,293,0,3
3,294,0,3
3,295,0,0
3,296,0,0
3,297,0,0
3,298,0,0
3,299,0,0
3,300,0,0
3,301,1,3
3,302,1,3
3,303,1,3
3,304,1,0
3,305,1,0
3,306,0,3
3,307,0,3
3,308,0,3
3,309,0,0
3,310,0,0
3,311,0,0
3,312,0,0
3,313,0,3
3,314,0,0
3,315,0,3
3,316,0,3
3,317,0,0
3,318,0,0
3,319,0,0
3,320,0,0
3,321,0,1
3,322,0,1
3,323,0,0
3,324,0,0
3,325,1,0
3,326,1,0
3,327,1,0
3,328,1,0
3,329,1,0
3,330,1,0
3,331,1,0
3,332,1,0
3,333,1,1
3,334,0,1
3,335,0,0
3,336,0,0
3,337,0,3
3,338,0,0
3,339,0,0
3,340,0,0
3,341,0,0
3,342,0,3
3,343,0,0
3,344,0,0
3,345,0,0
3,346,0,0
3,347,0,0
3,348,0,0
3,349,0,0
3,350,0,0
3,351,0,0
3,352,0,0
3,353,0,0
3,354,1,3
3,355,1,0
3,356,1,1
3,357,1,0
3,358,1,3
3,359,1,1
3,360,1,1
3,361,1,0
3,362,0,0
3,363,0,1
3,364,0,3
3,365,0,0
3,366,0,0
3,367,0,0
7,1,0,0
7,2,0,0
7,3,0,0
7,4,0,0
7,5,0,0
7,6,0,0
7,7,0,0
7,10,1,3
7,12,1,0
7,15,1,1
7,16,1,0
7,17,1,1
7,18,1,1
7,19,1,1
7,20,1,0
7,21,1,1
7,22,0,3
7,23,0,0
7,24,0,3
7,25,0,0
7,26,0,0
7,27,1,0
7,28,1,0
7,29,1,0
7,30,1,0
7,31,1,1
7,32,1,1
7,33,1,1
7,34,1,1
7,35,1,1
7,36,1,1
7,37,1,1
7,38,1,0
7,39,1,0
7,40,0,0
7,41,0,0
7,42,0,0
7,43,0,0
7,44,0,0
7,45,0,0
7,46,0,0
7,47,0,0
7,48,0,0
7,49,0,0
7,50,0,0
7,51,0,1
7,52,0,0
7,53,1,0
7,54,1,1
7,55,1,0
7,56,1,0
7,57,1,0
7,58,0,3
7,59,0,3
7,60,0,3
7,61,0,0
7,62,0,3
7,63,0,0
7,64,0,0
7,65,0,0
7,66,0,0
7,67,0,1
7,68,0,0
7,69,0,0
7,70,0,0
7,71,0,0
7,72,0,1
7,73,0,0
7,74,0,0
7,79,0,0
7,80,0,1
7,81,0,1
7,82,0,0
7,83,0,0
7,84,0,1
7,85,0,1
7,86,1,3
7,87,1,3
7,88,1,3
7,89,1,3
7,90,1,3
7,91,1,0
7,92,1,0
7,93,1,3
7,94,1,3
7,95,1,3
7,96,1,3
7,97,1,0
7,99,0,3
7,100,0,3
7,101,0,3
7,102,0,3
7,103,0,3
7,104,1,3
7,105,1,3
7,106,1,3
7,107,1,3
7,116,1,3
7,117,1,3
7,118,1,0
7,119,1,0
7,120,1,0
7,121,1,0
7,122,1,3
7,123,1,3
7,124,1,3
7,125,1,3
7,126,1,3
7,127,1,3
7,128,1,3
7,129,1,3
7,130,1,3
7,131,1,3
7,132,1,0
7,133,1,3
7,134,1,0
7,135,1,0
7,140,1,3
7,141,1,3
7,142,1,3
7,143,1,3
7,144,1,3
7,145,1,0
7,146,1,0
7,152,0,3
7,153,0,3
7,154,0,3
7,155,0,3
7,156,0,1
7,157,0,3
7,158,0,1
7,159,0,1
7,160,0,1
7,161,0,3
7,162,0,3
7,163,0,3
7,164,0,1
7,165,0,3
7,166,0,3
7,167,0,1
7,168,0,1
7,169,0,1
7,170,0,1
7,171,0,1
7,172,0,0
7,173,1,3
7,174,1,3
7,178,1,3
7,179,1,3
7,180,1,1
7,181,1,3
7,182,1,3
7,183,0,0
7,184,0,1
7,185,0,0
7,191,0,3
7,192,0,3
7,194,0,3
7,195,0,0
7,196,0,3
7,197,1,3
7,198,1,3
7,199,1,3
7,201,1,3
7,202,1,3
7,203,0,3
7,204,0,3
7,205,0,3
7,206,0,3
7,207,1,3
7,209,1,0
7,218,0,3
7,219,0,3
7,220,0,3
7,221,0,0
7,226,0,3
7,227,0,3
7,228,0,3
7,241,1,3
7,242,1,3
7,243,1,3
7,244,1,3
7,245,1,3
7,246,1,3
7,247,1,3
7,259,0,3
7,260,0,3
7,261,0,3
7,262,0,0
7,263,0,3
7,264,0,3
7,265,1,3
7,266,0,0
7,269,0,3
7,270,0,3
7,271,0,3
7,272,0,3
7,273,0,3
7,279,0,3
7,295,0,3
7,296,1,3
7,297,1,3
7,298,1,3
7,299,1,3
7,300,1,3
7,302,1,3
7,303,1,3
7,304,1,3
7,305,0,3
7,306,0,3
7,307,0,3
7,308,0,3
7,309,0,3
7,311,0,3
7,312,0,3
7,313,1,3
7,314,1,3
7,315,1,0
7,316,0,3
7,317,0,3
7,318,0,3
7,319,0,3
7,320,0,3
7,321,0,3
7,322,0,0
7,325,0,0
7,326,0,0
7,327,0,0
7,328,0,0
7,329,0,0
7,330,0,0
7,331,0,3
7,332,1,3
7,333,1,3
7,337,0,3
7,338,0,3
1,1,0,0
1,2,0,0
1,3,0,0
1,4,0,0
1,5,0,0
1,6,0,0
1,7,0,0
1,8,1,0
1,9,1,0
1,10,1,0
1,21,1,0
1,35,1,0
1,36,1,0
1,37,1,0
1,38,1,0
1,39,1,0
1,40,1,0
1,41,1,0
1,42,1,0
1,43,1,0
1,44,1,0
1,45,1,0
1,46,1,0
1,47,1,0
1,48,1,0
1,49,1,0
1,50,1,0
1,51,1,0
1,52,0,0
1,53,0,0
1,54,0,0
1,55,1,0
1,56,1,0
1,57,1,0
1,58,1,0
1,59,1,0
1,60,1,0
1,61,1,0
1,62,1,0
1,63,0,0
1,64,0,0
1,65,0,0
1,66,0,0
1,67,0,0
1,68,0,0
1,69,0,0
1,70,0,0
1,71,0,0
1,72,1,0
1,73,1,0
1,74,1,0
1,75,1,0
1,76,1,0
1,77,1,0
1,78,1,0
1,79,1,0
1,80,1,0
1,81,1,0
1,82,1,0
1,83,1,0
1,84,1,1
1,85,1,1
1,86,1,1
1,87,1,1
1,88,1,1
1,89,1,1
1,90,1,0
1,91,1,0
1,92,1,0
1,94,1,0
1,95,1,0
1,96,0,0
1,97,0,3
1,98,1,0
1,99,1,0
1,100,1,0
1,101,0,0
1,102,0,3
1,103,0,0
1,104,1,0
1,105,1,0
1,106,1,0
1,107,1,0
1,108,1,0
1,109,1,0
1,110,1,0
1,111,1,0
1,112,1,0
1,113,1,0
1,114,1,0
1,115,1,0
1,116,1,0
1,117,1,0
1,118,1,0
1,119,1,0
1,120,1,0
1,121,1,0
1,122,1,0
1,130,1,0
1,131,1,0
1,132,1,0
1,133,1,0
1,134,1,0
1,135,1,0
1,136,1,0
1,137,1,0
1,139,1,0
1,144,1,0
1,145,1,0
1,146,1,0
1,147,1,0
1,148,1,0
1,149,1,0
1,150,1,0
1,151,1,0
1,152,1,0
1,153,1,0
1,154,1,0
1,155,1,0
1,156,1,0
1,157,1,0
1,158,1,0
1,159,1,0
1,160,1,0
1,161,1,0
1,162,1,0
1,163,1,0
1,164,1,0
1,165,1,0
1,166,1,0
1,167,1,0
1,168,1,0
1,169,1,0
1,170,1,0
1,171,1,0
1,172,1,0
1,173,1,0
1,174,1,0
1,175,1,0
1,176,1,0
1,177,1,0
1,178,0,0
1,179,0,0
1,180,0,0
1,181,0,0
1,182,0,0
1,183,1,0
1,184,1,0
1,185,1,0
1,186,1,0
1,187,1,0
1,188,1,0
1,189,1,0
1,190,1,0
1,191,1,0
1,192,1,0
1,193,1,0
1,194,1,0
1,195,1,0
1,196,1,0
1,197,1,0
1,198,1,0
1,199,1,0
1,200,1,0
1,201,0,0
1,202,0,0
1,203,0,0
1,204,1,0
1,205,1,0
1,206,1,0
1,207,1,0
1,208,1,0
1,209,1,0
1,210,1,0
1,211,1,0
1,212,1,0
1,213,1,0
1,214,1,0
1,215,1,0
1,216,1,0
1,217,1,0
1,218,1,0
1,219,1,0
1,220,1,0
1,221,1,0
1,222,1,0
6,1,0,0
6,2,0,0
6,3,0,0
6,4,0,0
6,5,0,0
6,6,0,0
6,7,0,0
6,8,0,0
6,9,0,0
6,10,0,0
6,11,0,0
6,12,0,0
6,13,0,0
6,14,0,0
6,15,0,0
6,16,0,0
6,17,0,0
6,18,0,0
6,19,0,0
6,20,0,0
6,21,0,0
6,22,0,0
6,23,0,0
6,24,0,0
6,25,0,0
6,26,0,0
6,27,0,0
6,28,0,0
6,29,0,0
6,30,0,0
6,31,0,0
6,32,0,0
6,33,0,0
6,34,0,0
6,35,0,0
6,36,0,0
6,37,0,0
6,38,0,0
6,39,0,0
6,40,0,0
6,41,0,0
6,42,0,0
6,43,1,0
6,44,1,0
6,45,1,0
6,46,1,0
6,47,1,0
6,48,1,0
6,49,1,0
6,50,1,0
6,51,1,0
6,52,1,0
6,53,1,0
6,54,1,0
6,55,1,0
6,56,0,0
6,57,0,0
6,58,0,0
6,59,0,0
6,60,0,0
6,61,0,0
6,62,0,0
6,63,0,0
6,64,0,0
6,65,0,0
6,66,0,0
6,67,0,0
6,68,1,0
6,69,1,0
6,70,1,0
6,71,1,0
6,72,1,0
6,73,1,0
6,74,1,0
6,75,1,0
6,76,1,0
6,77,1,0
6,78,1,0
6,79,1,0
6,80,1,0
6,81,1,0
6,82,1,0
6,83,1,0
6,84,1,0
6,85,1,0
6,86,1,0
6,87,1,0
6,88,1,0
6,89,1,0
6,90,1,0
6,91,1,0
6,92,1,0
6,93,1,0
6,94,0,3
6,95,0,3
6,96,0,3
6,97,0,3
6,98,0,3
6,99,0,3
6,100,0,3
6,101,0,3
6,102,0,3
6,103,0,3
6,104,0,0
6,105,0,0
6,106,0,0
6,107,0,0
6,108,1,0
6,109,1,0
6,110,1,0
6,111,1,0
6,112,1,0
6,113,1,0
6,114,1,0
6,115,1,0
6,116,1,0
6,117,1,0
6,118,1,0
6,119,1,0
6,120,1,0
6,121,1,0
6,122,1,0
6,123,1,0
6,124,1,0
6,125,1,0
6,126,0,3
6,127,0,3
6,128,0,3
6,129,0,3
6,130,0,3
6,131,0,3
6,132,0,3
6,133,0,3
6,134,0,3
6,135,0,3
6,136,0,3
6,137,0,3
6,138,0,3
6,139,0,0
6,140,0,0
6,141,0,0
6,142,1,0
6,143,1,0
6,144,1,0
6,145,1,3
6,146,1,3
6,147,1,3
6,148,1,3
6,149,1,3
6,150,1,3
6,151,1,0
6,152,1,0
6,153,1,0
6,154,1,3
6,155,1,3
6,156,1,3
6,157,1,3
6,158,1,3
6,159,1,3
6,160,1,3
6,161,1,3
6,162,1,3
6,163,1,3
6,164,1,3
6,165,1,3
6,166,1,3
6,167,1,3
6,168,1,0
6,169,1,0
6,170,1,0
6,171,0,3
6,172,0,3
6,173,0,3
6,174,0,3
6,175,0,3
6,176,0,3
6,177,0,3
6,178,0,3
6,179,0,3
6,180,1,3
6,181,1,3
6,182,1,3
6,183,1,3
6,184,1,3
6,185,1,3
6,186,1,3
6,187,1,3
6,188,1,3
6,189,1,3
6,190,1,3
6,191,1,3
6,192,1,0
6,193,1,0
6,194,1,0
6,195,1,3
6,196,1,3
6,197,1,3
6,198,0,3
6,199,0,3
6,200,0,3
6,201,0,3
6,202,0,3
6,203,0,3
6,204,0,3
6,205,0,3
6,206,0,3
6,207,0,3
6,208,0,3
6,209,0,3
6,210,0,3
6,211,0,0
6,212,0,0
6,213,0,0
6,214,1,3
6,215,1,3
6,216,1,3
6,217,1,3
6,218,1,3
6,219,1,3
6,220,1,3
6,221,1,3
6,222,1,3
6,223,1,3
6,224,1,0
6,225,1,0
6,226,1,0
6,227,1,3
6,228,1,3
6,229,1,3
6,230,1,3
6,231,1,3
6,232,1,3
6,233,1,0
6,234,1,0
6,235,1,0
6,236,1,0
6,237,1,0
6,238,1,0
6,239,1,0
6,240,1,3
6,241,1,3
6,242,1,3
6,243,1,3
6,244,1,3
6,245,1,3
6,246,1,3
6,247,1,3
6,248,1,3
6,249,0,3
6,250,0,3
6,251,0,3
6,252,0,3
6,253,0,3
6,254,0,3
6,255,0,3
6,256,0,0
6,257,0,0
6,258,0,0
6,259,0,0
6,260,0,0
6,261,0,0
6,262,0,0
6,263,0,0
6,264,0,0
6,265,0,0
6,266,0,0
6,267,0,0
6,268,0,0
6,269,0,0
6,270,0,0
6,271,0,0
6,272,0,0
6,273,0,0
6,274,0,0
6,275,0,0
6,276,0,0
6,277,0,0
6,278,0,0
6,279,0,3
6,280,0,3
6,281,0,3
6,282,0,3
6,283,0,3
6,284,0,3
6,285,0,3
6,286,0,3
6,287,0,3
6,288,0,3
6,289,0,3
6,290,0,3
6,291,0,3
6,292,0,3
6,293,0,3
6,294,0,3
6,295,0,3
6,296,0,3
6,297,0,3
6,298,0,3
6,299,0,3
6,300,0,3
6,301,0,3
6,302,0,3
6,303,0,3
6,304,0,3
6,305,0,3
6,306,0,3
6,307,0,3
6,308,0,3
6,309,0,3
6,310,0,3
6,311,0,3
6,312,0,3
6,313,0,3
6,314,0,3
6,315,1,0
6,316,1,0
6,317,1,0
6,318,1,0
6,319,1,3
6,320,1,3
6,321,1,3
6,322,1,0
6,323,1,0
6,324,1,0
6,325,0,0
6,326,0,0
6,327,0,0
6,328,0,0
6,329,0,3
6,330,0,3
6,331,0,3
6,332,0,3
6,333,0,3
6,334,0,3
6,335,1,3
6,336,1,3
6,337,1,3
6,338,1,3
6,339,1,3
6,340,1,3
6,341,1,0
6,342,1,0
6,343,1,0
6,344,1,0
6,345,1,3
6,346,1,3
6,347,1,3
6,348,1,3
6,349,1,3
6,350,1,3
6,351,1,0
6,352,1,0
6,353,1,0
6,354,1,0
6,355,1,0
6,356,1,0
6,357,1,0
6,358,1,0
6,359,1,0
6,360,1,0
6,361,1,0
6,362,1,0
6,363,1,0
6,364,1,0
6,365,1,0
6,366,1,0
6,367,1,0
6,368,1,0
6,369,1,0
6,370,1,0
6,371,1,0
6,372,1,0
6,373,1,0
6,374,1,0
6,375,1,0
6,376,1,0
6,377,1,0
6,378,1,0
6,379,1,0
6,380,1,0
6,381,1,0
6,382,1,0
6,383,1,0
6,384,1,0
6,385,1,0
6,386,1,0
6,387,1,0
6,388,1,0
6,389,1,0
6,390,1,0
6,391,1,0
6,392,1,0
6,393,1,0
6,394,1,0
6,395,1,0
6,396,1,0
6,397,1,0
6,398,1,0
6,399,1,0
6,400,1,0
6,401,1,0
6,402,0,0
6,403,0,0
6,404,0,3
6,405,0,3
6,406,0,3
6,407,0,3
6,408,0,3
6,409,0,3
6,410,0,3
6,411,0,3
6,412,0,3
6,413,0,3
6,414,0,3
6,415,0,3
6,416,0,3
6,417,0,0
6,418,0,0
6,419,0,0
6,420,0,0
6,421,0,0
6,422,0,0
6,423,0,0
6,424,0,0
6,425,0,0
6,426,0,0
6,427,0,0
6,428,0,0
6,429,0,0
6,430,0,0
6,431,0,0
6,432,0,0
6,433,0,0
6,434,0,0
6,435,0,0
6,436,0,0
6,437,0,0
6,438,0,0
6,439,0,0
6,440,0,0
6,441,0,0
6,443,1,0
6,444,1,0
6,445,1,0
6,446,1,0
6,447,1,0
6,448,1,0
6,449,1,0
6,450,1,0
6,451,1,0
6,452,1,0
6,453,1,0
6,454,1,0
6,455,0,0
6,456,0,0
6,457,0,0
6,458,0,3
6,459,0,3
6,460,0,3
6,461,0,3
6,462,0,3
6,463,0,3
6,464,0,3
6,465,0,3
6,466,0,3
6,467,0,3
6,468,0,3
6,469,0,3
6,470,0,3
6,471,0,3
6,472,1,3
6,473,1,3
6,474,1,3
6,475,1,0
6,476,1,0
6,477,1,0
6,478,1,0
6,479,1,3
6,480,1,3
6,481,1,3
6,482,1,3
6,483,1,3
6,484,1,3
6,485,1,0
6,486,1,0
6,487,1,0
6,488,1,0
6,489,1,0
6,490,1,0
6,491,1,0
6,492,1,0
6,493,1,0
6,494,1,0
6,495,1,0
6,496,1,0
6,497,1,0
6,498,1,0
6,499,1,0
6,500,1,0
6,501,1,0
6,502,1,0
6,503,1,0
6,504,1,0
6,505,1,0
6,506,0,3
6,507,0,3
6,508,0,3
6,509,0,3
6,510,0,3
6,511,0,3
6,512,0,3
6,513,0,3
6,514,0,3
6,515,0,3
6,516,0,3
6,517,0,3
6,518,0,3
6,519,0,3
6,520,0,3
6,521,0,3
6,522,1,0
6,523,1,0
6,524,1,0
6,525,1,0
6,526,1,0
6,527,1,0
6,528,1,0
6,529,1,0
6,530,1,0
6,531,1,0
6,532,1,0
6,533,1,0
6,534,1,0
6,535,1,0
6,536,1,0
6,537,1,0
6,538,1,0
6,539,1,0
6,540,1,0
6,541,1,0
6,542,1,0
6,543,1,0
6,544,1,0
6,545,1,0
6,546,1,0
6,547,0,3
6,548,0,3
6,549,0,3
6,550,0,3
6,551,0,0
6,552,0,0
6,553,0,0
6,554,0,0
6,555,0,0
6,556,0,0
6,557,0,0
6,558,0,3
6,559,0,3
6,560,0,3
6,561,0,3
6,562,0,3
6,563,0,3
6,564,0,3
6,565,0,3
6,566,0,3
6,567,0,0
6,568,0,0
6,569,0,0
6,570,1,0
6,571,1,0
6,572,1,0
6,573,1,0
6,574,1,0
6,575,1,0
6,576,1,0
6,577,1,0
6,578,1,0
6,579,1,0
6,580,1,0
6,581,1,0
6,582,1,0
6,583,1,0
6,584,1,0
6,585,1,0
6,586,1,0
6,587,1,0
6,588,1,0
6,589,1,0
6,590,1,0
6,591,0,0
6,592,0,0
6,593,0,0
6,594,0,0
6,595,0,0
6,596,0,0
6,597,0,0
6,598,0,0
6,599,0,0
6,600,0,0
6,601,1,0
6,602,1,0
6,603,1,0
6,604,1,0
6,605,1,0
6,606,1,0
6,607,1,0
6,608,1,0
6,609,1,0
6,610,1,0
6,611,1,0
6,612,1,0
6,613,1,0
6,614,1,0
6,615,1,0
6,616,1,0
6,617,1,0
6,618,1,0
6,619,1,0
6,620,1,0
6,621,1,0
6,622,1,0
6,623,1,0
6,624,1,0
6,625,1,0
6,626,1,0
6,627,1,0
6,628,1,0
6,629,1,0
6,630,1,0
6,631,1,0
6,632,1,0
6,633,1,0
6,634,1,0
6,635,1,0
6,636,1,0
6,637,0,3
6,638,0,3
6,639,0,3
6,640,0,3
6,641,0,3
6,642,0,3
6,643,0,0
6,644,0,0
6,645,0,0
6,646,0,0
6,647,0,0
6,648,0,0
6,649,0,0
6,650,0,0
6,651,0,0
6,652,0,0
6,653,0,0
6,654,0,0
6,655,0,0
6,656,0,0
6,657,0,3
6,658,0,3
6,659,0,3
6,660,0,3
6,661,0,3
6,662,0,3
6,663,0,3
6,664,0,3
6,665,0,3
6,666,0,3
6,667,1,0
6,668,1,0
6,669,1,0
6,670,1,0
6,671,1,0
6,672,1,0
6,673,0,0
6,674,0,0
6,675,0,0
6,676,0,0
6,677,0,0
6,678,0,0
6,679,0,0
6,680,0,0
6,681,0,0
6,682,0,0
6,683,0,3
6,684,0,3
6,685,0,3
6,686,0,3
6,687,0,3
6,688,0,3
6,689,0,3
6,690,0,3
6,691,0,3
6,692,0,3
6,693,0,3
6,694,0,3
6,695,0,3
6,696,0,3
6,697,0,3
6,698,0,3
6,699,0,0
6,700,0,0
6,701,0,0
6,702,0,0
6,703,0,0
6,704,0,0
6,705,0,0
6,706,0,0
6,707,0,0
6,708,0,3
6,709,0,3
6,710,0,3
6,711,0,3
6,712,0,3
6,713,0,3
6,714,0,3
6,715,1,0
6,716,1,0
6,717,1,0
6,718,1,0
6,719,1,0
6,720,1,0
6,721,1,0
6,722,1,0
6,723,1,0
6,724,0,0
6,725,0,0
6,726,0,0
6,727,0,3
6,728,0,3
6,729,0,3
6,730,0,0
6,731,0,0
6,732,0,0
6,733,0,3
6,734,0,3
6,735,0,3
6,736,0,3
6,737,0,3
6,738,0,3
6,739,0,3
6,740,0,3
6,741,0,3
6,742,0,3
6,743,0,3
6,744,0,3
6,745,0,3
6,746,0,3
6,747,0,3
6,748,0,3
6,749,0,3
6,750,0,3
6,751,0,3
6,752,0,3
6,753,0,3
6,754,0,3
6,755,0,3
6,756,0,3
6,757,0,3
6,758,0,3
6,759,0,3
6,760,0,3
6,761,0,3
6,762,0,3
6,763,0,3
6,764,0,3
6,765,0,3
6,766,0,0
6,767,0,0
6,768,0,0
6,769,0,0
6,770,0,0
6,771,0,0
6,772,0,0
6,773,0,0
6,774,0,0
6,775,0,0
6,776,0,0
6,777,0,0
6,778,0,0
6,779,0,0
6,780,0,3
6,781,0,3
6,782,0,3
6,783,0,3
6,784,0,3
6,785,0,3
6,786,0,3
6,787,0,0
6,788,0,0
6,789,0,0
6,790,0,0
6,791,1,0
6,792,1,0
6,793,1,0
6,794,1,0
6,795,1,0
6,796,1,0
6,797,0,0
6,798,0,0
6,799,0,0
6,800,0,0
6,801,0,0
6,802,0,0
6,803,0,0
6,804,0,0
6,805,0,0
6,806,0,0
6,807,0,0
6,808,0,0
6,809,0,0
6,810,0,0
6,811,0,0
6,812,0,0
6,813,0,0
6,814,0,0
6,815,0,0
6,816,0,0
6,817,0,3
6,818,0,3
6,819,0,3
6,820,0,0
6,821,0,0
6,822,0,0
6,823,0,0
6,824,0,3
6,825,0,3
6,826,0,3
6,827,0,3
6,828,0,3
6,829,0,3
6,830,0,3
6,831,0,3
6,832,0,3
6,833,0,3
6,834,1,0
6,835,1,0
6,836,1,0
6,837,1,0
6,838,1,0
6,839,1,0
6,840,1,0
6,841,1,0
6,842,1,0
6,843,1,0
6,844,1,0
6,845,1,0
6,846,1,0
6,847,1,0
6,848,1,0
6,849,1,0
6,850,1,0
6,851,1,0
6,852,1,0
6,853,1,0
6,854,1,0
6,855,1,0
6,856,1,0
6,857,1,0
6,858,1,0
6,859,1,0
6,860,1,0
6,861,1,0
6,862,1,0
6,863,1,0
6,864,1,0
6,865,1,3
6,866,1,3
6,867,1,3
6,868,1,3
6,869,0,0
6,870,0,0
6,871,0,0
6,872,0,0
6,873,0,0
6,874,0,0
6,875,0,0
6,876,0,0
6,877,0,0
6,878,0,0
6,879,0,0
6,880,0,0
6,881,0,0
6,882,0,0
6,883,0,0
6,884,0,0
6,885,0,0
6,886,0,0
6,887,0,3
6,888,0,3
6,889,0,3
6,890,0,3
6,891,0,0
6,892,0,0
6,893,0,0
6,894,0,3
6,895,0,3
6,896,0,3
6,897,0,3
6,898,0,3
6,899,0,3
6,900,0,3
6,901,0,3
6,902,0,0
6,903,0,0
6,904,0,0
6,905,0,0
6,906,0,0
6,907,0,0
6,908,0,0
6,909,0,3
6,910,0,3
6,911,0,3
6,912,0,3
6,913,0,0
6,914,0,0
6,915,0,0
6,916,0,0
6,917,0,0
6,918,0,0
6,919,0,0
6,920,0,0
6,921,0,0
6,922,0,0
6,923,0,0
6,924,0,0
6,925,0,0
6,926,0,0
6,927,0,0
6,928,0,0
6,929,0,0
6,930,0,0
6,931,0,0
6,932,0,0
6,933,0,0
6,934,0,0
6,935,0,3
6,936,0,3
6,937,0,3
6,938,0,3
6,939,0,3
6,940,0,3
6,941,0,3
6,942,0,3
6,943,0,3
6,944,0,3
6,945,0,3
6,946,0,3
6,947,0,3
6,948,0,0
6,949,0,0
6,950,0,0
6,951,0,0
6,952,0,0
6,953,0,0
6,954,0,0
6,955,0,3
6,956,0,3
6,957,0,3
6,958,0,0
6,959,0,0
6,960,0,0
6,961,0,0
6,962,0,0
6,963,0,0
6,964,0,0
6,965,0,0
6,966,0,0
6,967,0,0
6,968,0,0
6,969,0,0
6,970,0,0
6,971,0,0
6,972,0,0
6,973,0,0
6,974,0,0
6,975,0,0
6,976,0,0
6,977,0,0
6,978,0,0
6,979,0,0
6,980,0,0
6,981,0,0
6,982,0,0
6,983,0,0
6,984,0,0
6,985,0,0
6,986,0,0
6,987,0,0
6,988,0,0
6,989,0,0
6,990,0,0
6,991,0,0
6,992,0,0
6,993,0,0
6,994,0,0
6,995,0,0
6,996,0,0
6,997,0,0
6,998,0,3
6,999,0,3
6,1000,0,3
6,1001,0,0
6,1002,0,0
6,1003,0,0
6,1004,0,0
6,1005,0,0
6,1006,0,0
6,1007,0,3
6,1008,0,3
6,1009,0,3
6,1010,0,3
6,1011,0,3
6,1012,0,3
6,1013,0,3
6,1014,0,3
6,1015,0,3
6,1016,0,3
6,1017,0,3
6,1018,0,3
6,1019,0,3
6,1020,0,0
6,1021,0,0
6,1022,0,0
6,1023,0,0
6,1024,0,0
6,1025,0,0
6,1026,0,0
6,1027,0,3
6,1028,0,3
6,1029,0,3
6,1030,1,0
6,1031,1,0
6,1032,1,0
6,1033,1,0
6,1034,1,0
6,1035,1,0
6,1036,1,0
6,1037,1,0
6,1038,1,0
6,1039,1,0
6,1040,1,0
6,1041,1,0
6,1042,1,0
6,1043,1,0
6,1044,1,0
6,1045,1,0
6,1046,1,0
6,1047,1,0
6,1048,1,0
6,1049,1,0
6,1050,0,0
6,1051,0,0
6,1052,0,0
6,1053,0,0
6,1054,0,0
6,1055,0,0
6,1056,0,3
6,1057,0,3
6,1058,0,3
6,1059,0,3
6,1060,0,0
6,1061,0,0
6,1062,0,0
6,1063,0,3
6,1064,0,3
6,1065,0,3
6,1066,0,3
6,1067,0,3
6,1068,0,3
6,1069,0,3
6,1070,1,0
6,1071,1,0
6,1072,1,0
6,1073,1,0
6,1074,1,0
6,1075,1,0
6,1076,1,0
6,1077,1,0
6,1078,1,0
6,1079,1,0
6,1080,1,0
6,1081,1,0
6,1082,1,0
6,1083,1,0
6,1084,1,0
6,1085,1,0
6,1086,1,0
6,1087,0,3
6,1088,0,3
6,1089,0,3
6,1090,0,3
6,1091,0,3
6,1092,0,3
6,1093,0,3
6,1094,0,3
6,1095,0,3
6,1096,0,3
6,1097,1,0
6,1098,1,0
6,1099,1,0
6,1100,1,0
6,1101,1,0
6,1102,1,0
6,1103,1,0
6,1104,1,0
6,1105,1,0
6,1106,1,0
6,1107,0,3
6,1108,0,3
6,1109,0,3
6,1110,0,0
6,1111,0,0
6,1112,0,0
6,1113,0,3
6,1114,0,3
6,1115,0,3
6,1116,0,3
6,1117,0,3
6,1118,0,3
6,1119,0,3
6,1120,0,0
6,1121,0,0
6,1122,0,0
6,1123,0,3
6,1124,0,3
6,1125,0,3
6,1126,0,3
6,1127,0,3
6,1128,0,3
6,1129,0,3
6,1130,0,3
6,1131,0,3
6,1132,0,3
6,1133,0,3
6,1134,0,3
6,1135,0,3
6,1136,0,3
6,1137,0,3
6,1138,0,3
6,1139,0,3
6,1140,0,3
6,1141,0,3
6,1142,0,3
6,1143,0,3
6,1144,0,3
6,1145,0,3
6,1146,0,3
6,1147,0,3
6,1148,0,3
6,1149,0,3
6,1150,0,0
6,1151,0,0
6,1152,0,0
6,1153,1,0
6,1154,1,0
6,1155,1,0
6,1156,1,0
6,1157,1,0
6,1158,1,0
6,1159,1,0
6,1160,1,0
6,1161,1,0
6,1162,1,0
6,1163,1,0
6,1164,1,0
6,1165,1,0
6,1166,1,0
6,1167,1,0
6,1168,1,0
6,1169,1,0
6,1170,1,0
6,1171,1,0
6,1172,0,3
6,1173,0,3
6,1174,0,3
6,1175,0,3
6,1176,0,3
6,1177,0,3
6,1178,0,3
6,1179,0,3
6,1180,0,3
6,1181,0,3
6,1182,0,3
6,1183,0,3
6,1184,0,3
6,1185,0,3
6,1186,0,3
6,1187,0,3
6,1188,0,3
6,1189,0,3
6,1190,0,3
6,1191,0,3
6,1192,0,3
6,1193,0,3
6,1194,0,3
6,1195,0,3
6,1196,0,3
6,1197,0,3
6,1198,0,3
6,1199,0,3
6,1200,0,3
6,1201,0,3
6,1202,0,3
6,1203,0,3
6,1204,0,0
6,1205,0,0
6,1206,0,0
6,1207,0,0
6,1208,0,3
6,1209,0,3
6,1210,0,3
6,1211,0,3
6,1212,0,3
6,1213,0,3
6,1214,0,3
6,1215,1,0
6,1216,1,0
6,1217,1,0
6,1218,1,0
6,1219,1,0
6,1220,1,0
6,1221,1,0
6,1222,1,3
6,1223,1,3
6,1224,1,3
6,1225,0,3
8,1,0,0
8,2,0,0
8,3,0,0
8,20,1,1
8,21,1,1
8,22,1,0
8,23,1,1
8,24,1,1
8,25,1,1
8,26,1,1
8,27,1,1
8,28,1,1
8,29,1,1
8,30,1,1
8,31,1,1
8,32,1,0
8,33,1,1
8,34,1,1
8,35,1,1
8,36,1,1
8,37,1,1
8,38,1,1
8,39,1,1
8,40,1,1
8,41,1,1
8,42,1,1
8,43,1,1
8,44,1,1
8,45,0,3
8,46,0,0
8,47,0,0
8,48,0,0
8,49,0,0
8,50,0,0
8,51,0,3
8,52,0,0
8,53,0,3
8,54,0,3
8,55,0,3
8,56,0,3
8,57,0,3
8,65,1,1
8,66,1,0
8,67,1,3
8,68,1,3
8,69,1,3
8,70,1,3
8,71,0,3
8,72,0,1
8,73,0,0
8,74,0,3
8,75,0,3
8,76,0,0
8,77,0,3
8,78,0,3
8,79,0,3
8,80,0,0
8,81,0,3
8,82,0,0
8,83,1,3
8,84,1,3
8,85,1,3
8,86,1,3
8,88,1,3
8,90,1,3
8,91,1,3
8,92,1,3
8,93,1,3
8,96,1,3
8,97,1,3
8,98,1,3
8,99,1,3
8,100,1,3
8,101,1,3
8,121,1,3
8,122,1,3
8,123,1,3
8,124,1,3
8,125,1,3
8,126,1,3
8,127,1,3
8,128,1,3
8,129,1,3
8,131,1,3
8,132,1,3
8,133,1,3
8,134,1,3
8,135,1,3
8,136,1,3
8,137,1,3
8,138,1,3
8,139,1,3
8,140,1,3
8,141,1,3
8,142,1,3
8,143,1,3
8,144,1,3
8,145,1,3
8,146,1,3
8,147,1,3
8,148,1,3
8,149,1,3
8,150,1,3
8,151,1,3
8,152,1,3
8,153,1,0
8,154,1,3
8,156,1,0
8,157,1,0
8,161,1,3
8,163,1,3
8,164,1,3
8,165,1,3
8,166,1,3
8,167,1,3
8,168,1,3
8,169,1,1
8,180,1,3
8,182,1,0
8,183,0,0
8,184,0,1
8,185,0,0
8,186,0,0
8,187,0,1
8,188,0,0
8,189,0,1
8,190,0,1
8,197,0,0
8,199,0,0
8,200,0,0
8,201,0,0
8,202,0,0
8,203,0,1
8,204,1,1
8,205,1,3
8,206,1,3
8,207,1,3
8,208,1,3
8,209,0,3
8,210,0,3
8,211,0,3
8,212,0,3
8,215,0,3
8,221,0,0
8,222,0,3
8,223,0,3
8,224,0,3
8,225,0,3
8,226,0,3
8,227,0,3
8,228,0,3
8,266,0,3
8,273,0,3
8,274,0,3
8,275,1,3
8,276,1,3
8,277,1,3
8,287,0,3
8,293,0,3
8,294,0,3
8,295,0,3
8,296,0,3
8,297,0,3
8,298,0,3
8,299,0,3
8,300,0,1
8,301,0,3
8,302,0,3
8,313,0,3
8,316,0,3
8,317,0,3
8,318,0,3
8,319,0,3
8,320,0,3
8,321,0,1
8,322,0,3
8,339,1,0
8,340,1,0
8,341,0,1
8,342,0,3
8,343,0,1
8,344,0,0
8,345,0,1
8,346,0,0
8,347,0,1
8,348,0,0
8,349,0,0
8,350,0,0
8,351,1,3
8,352,1,0
8,353,1,0
8,354,0,0
8,355,0,0
8,356,0,0
8,357,0,0
8,358,0,1
8,359,0,1
8,360,0,1
8,361,0,1
8,362,0,1
8,363,0,3
8,364,0,1
8,365,0,1
8,366,0,1
8,367,1,3
8,368,1,0
8,369,1,0
8,370,0,3
8,371,0,1
8,372,0,3